時間戳記,1.性別,2.年齡,3.是否使用過電動輔助自行車,4.主要使用情境,5.平均騎乘頻率,6.主要路況,7.平均單次騎乘距離,A1. 電力輔助能讓我踩起來較省力（不易疲累）,A2. 輔助輸出平順自然，不會突然加速或頓挫,A3. 長時間騎乘後仍不易感到疲勞,A4. 輔助力道可多段調整／切換，符合不同路況與體能,A5. 起步／爬坡時助力充足，能符合我的需求,A6. 變速／傳動順暢（不易跳檔、卡鏈或異音）,B1. 續航里程足夠，不會常常沒電,B2. 使用一段時間後，電池仍耐用、不易衰退,B3. 騎乘時能清楚看到剩餘電量／續航預估,B4. 電量顯示準確、穩定（不會忽高忽低）,B5. 電池可拆下來充電，日常充電更便利,B6. 充電時間合理（不會太久），或可快速補電,B7. 充電方式取得方便（如家用插座／車充等情境），不受場域限制,B8. 電池安全防護完善（過充/過放/過熱保護、BMS管理)*BMS管理為管理二次電池如鋰，離子電池的核心電子系統，旨在確保電池安全、延長壽命並優化性能,C1. 前方大燈亮度足夠，夜間騎乘安全,C2. 具有尾燈／反光等設計，讓後方來車更容易看見我,C3. 具有方向燈或轉向提示，提高轉彎安全,C4. 具有喇叭／提示音，能提醒行人或來車,C5. 具有盲點偵測／來車警示（後方來車提醒、轉角提醒等),C6. 煞車制動力與穩定性良好（含濕滑路面),D1. 車體結構穩固，騎乘時有安全感,D2. 轉彎或高速時車身穩定，不易晃動,D3. 車架/零件耐用（不易鬆動、異音或變形）,E1. 具有避震設計，能降低顛簸，提高舒適度,E2. 坐墊舒適、支撐性佳，久騎不易不適,E3. 手把握感舒適，長時間騎乘不易麻痺/不適,E4. 車架尺寸/座墊高度/把手可調，能調整到合適騎姿,E5. 上下車方便（易跨越、低跨點/不易卡住）,E6. 車重與推行/搬運便利（上樓、收納、搬上車）,F1. 整體造型設計符合喜好（外觀好看）,F2. 配件與擴充性佳（如貨架、泥除、置物/水壺架等）,F3. 防盜/定位等配備完善（如鎖具、GPS/警報）,G1. 附近有維修站或服務據點，維修便利,G2. 維修回應速度快、預約容易,G3. 維修品質佳、零件供應充足（更換妥善）,G4. 保固內容清楚、流程簡單,H1. 價格符合預算（可接受的入手門檻）,H2. 若品質與耐用度高，我可接受較高價格,H3. 品牌知名度會影響我對產品品質/售後的信任,1. 您偏好把手類型,2. 您偏好馬達形式,1. 我對目前使用/體驗之電動輔助自行車整體表現感到滿意。,2. 我認為此產品的整體表現對得起其價格（感知價值）。,3. 我願意在未來持續使用電動輔助自行車。,4. 我願意推薦他人使用電動輔助自行車。,5. 若未來需要換車，我願意優先考慮同品牌/同系列產品。,若不願意持續使用/購買，主要原因是:,1. 使用後，您最希望電動輔助自行車改善的地方是什麼？,2. 其他建議或需求補充：
2026/01/30 15:35:03,2.女,4.51-60歲,3.僅體驗過,5.其他：露營與戶外活動,1.每週1次(含)以下,3混合路況,4.31公里以上,5,6,5,5,7,4,5,6,7,6,7,7,4,6,7,5,7,6,6,5,6,6,5,5,6,5,4,6,5,7,6,5,6,5,4,4,3,5,6,皆可,中置馬達,4,4,5,2,4,暫無,外觀設計更年輕化,希望展示剩餘里程更準確
2026/02/13 12:56:52,1.男,4.51-60歲,2.曾使用過,"1.日常休閒, 2.運動健身, 3.通勤代步",2.每週2-3次,2.上下坡為主,4.31公里以上,4,7,7,7,5,5,6,6,5,5,6,4,6,7,7,5,5,6,5,7,6,7,6,5,4,5,6,7,6,4,4,7,5,6,5,5,3,4,5,平把(登山車),皆可,4,4,5,5,4,暫無,坐墊舒適度與避震表現提升,希望展示剩餘里程更準確
2026/01/08 01:37:00,2.女,3.41-50歲,3.僅體驗過,"1.日常休閒, 4.假日旅遊",1.每週1次(含)以下,3混合路況,1.5公里以下,5,6,5,6,4,5,4,6,6,4,4,7,5,5,7,4,7,7,5,5,6,6,6,5,4,3,4,4,3,4,5,6,6,4,5,5,4,3,4,彎把(公路車),中置馬達,4,4,3,4,4,暫無,充電時間再縮短,希望展示剩餘里程更準確
2026/02/24 20:35:01,1.男,4.51-60歲,1.目前使用中,"1.日常休閒, 2.運動健身, 3.通勤代步",1.每週1次(含)以下,3混合路況,1.5公里以下,6,4,6,5,6,6,6,4,4,6,5,6,6,6,6,6,6,7,6,5,5,6,5,5,5,5,5,6,6,4,6,6,5,5,5,5,5,6,6,平把(登山車),中置馬達,4,3,5,3,3,無,售後維修據點更普及,希望後續維修保養流程更簡單
2026/02/22 18:15:47,2.女,3.41-50歲,3.僅體驗過,1.日常休閒,1.每週1次(含)以下,1.平路為主,3.16-30公里,5,5,5,4,4,7,5,6,5,5,6,5,5,5,6,7,6,4,4,4,5,4,5,7,5,6,3,6,7,3,3,4,2,5,4,5,5,5,4,平把(登山車),輪轂馬達(前/後輪),3,4,3,5,5,無,降低車重，推行更方便,建議加強防盜與定位功能
2026/01/21 18:09:13,1.男,3.41-50歲,3.僅體驗過,1.日常休閒,2.每週2-3次,1.平路為主,2.6-15公里,4,4,7,6,5,3,5,5,5,5,7,6,6,5,7,5,6,7,6,4,6,5,4,7,6,7,5,3,5,3,3,6,6,6,5,4,1,4,5,平把(登山車),不確定/不了解,4,3,3,4,4,無,價格更親民一些,建議推出不同身高對應車架尺寸
2026/01/25 21:23:44,1.男,5.61歲以上,3.僅體驗過,1.日常休閒,1.每週1次(含)以下,1.平路為主,1.5公里以下,5,4,6,6,5,3,5,4,4,4,4,7,7,7,7,7,6,7,6,6,7,7,6,6,5,6,5,4,5,6,5,5,4,3,6,5,5,6,6,不確定/不了解,中置馬達,3,3,3,4,3,目前沒有,續航力再提升,若能提供更多配件選配會更好
2026/02/21 19:38:24,2.女,4.51-60歲,2.曾使用過,1.日常休閒,1.每週1次(含)以下,2.上下坡為主,1.5公里以下,5,6,3,6,4,5,4,4,5,5,6,7,4,7,3,6,6,6,4,5,6,5,3,5,5,7,6,5,5,5,4,4,7,6,5,5,6,4,4,平把(登山車),不確定/不了解,4,4,5,3,5,暫無,續航力再提升,希望保固內容更透明
2026/01/03 14:11:12,2.女,1.30歲以下,2.曾使用過,3.通勤代步,1.每週1次(含)以下,1.平路為主,3.16-30公里,5,4,3,7,6,5,3,6,7,5,7,7,6,5,5,5,5,5,5,6,5,5,6,4,5,5,4,5,5,5,3,6,6,5,3,6,3,7,5,平把(登山車),中置馬達,5,4,5,3,4,無,價格更親民一些,希望後續維修保養流程更簡單
2026/02/24 14:29:32,1.男,3.41-50歲,3.僅體驗過,1.日常休閒,1.每週1次(含)以下,3混合路況,2.6-15公里,4,5,4,5,5,5,5,4,5,7,5,5,5,6,5,6,7,6,7,5,5,6,6,5,6,5,6,4,4,5,3,6,5,3,5,4,7,3,4,平把(登山車),中置馬達,4,4,5,3,4,暫無,售後維修據點更普及,希望保固內容更透明
2026/01/11 16:27:21,1.男,4.51-60歲,4.未曾使用過,4.假日旅遊,1.每週1次(含)以下,3混合路況,2.6-15公里,6,6,6,4,7,7,5,6,7,4,5,6,5,5,7,5,7,5,7,6,7,6,4,6,4,3,5,6,5,5,6,6,6,3,4,5,4,5,3,平把(登山車),中置馬達,,,,,,目前沒有購買需求,無,希望保固內容更透明
2026/02/13 14:25:50,1.男,2.31-40歲,1.目前使用中,2.運動健身,1.每週1次(含)以下,1.平路為主,2.6-15公里,4,5,6,7,7,7,6,5,6,6,4,5,5,5,7,6,6,7,7,7,6,5,5,4,5,5,5,4,6,5,4,5,5,7,7,6,7,4,4,皆可,不確定/不了解,5,4,4,4,5,暫無,續航力再提升,建議推出不同身高對應車架尺寸
2026/01/08 07:28:36,1.男,,1.目前使用中,2.運動健身,1.每週1次(含)以下,3混合路況,2.6-15公里,7,4,7,7,6,3,7,7,5,7,6,5,7,5,3,5,6,6,5,7,4,5,6,5,5,5,4,4,7,7,6,4,6,7,5,6,4,7,5,平把(登山車),中置馬達,5,5,4,5,2,維修據點不夠多,續航力再提升,建議加強防盜與定位功能
2026/02/04 22:35:35,1.男,3.41-50歲,1.目前使用中,"2.運動健身, 3.通勤代步",3.每週4次(含)以上,1.平路為主,3.16-30公里,5,4,3,5,5,6,5,4,5,6,4,7,5,5,6,6,6,6,5,5,6,7,6,7,5,5,6,6,7,5,5,5,6,5,5,7,6,4,5,平把(登山車),皆可,5,4,5,3,4,目前沒有,變速與助力切換更平順,若能提供更多配件選配會更好
2026/01/27 18:07:42,1.男,4.51-60歲,3.僅體驗過,4.假日旅遊,2.每週2-3次,1.平路為主,1.5公里以下,6,6,6,6,7,3,5,6,6,7,5,5,7,5,5,5,7,6,6,7,5,5,7,5,5,5,5,5,5,3,5,4,4,4,5,4,5,5,6,不確定/不了解,輪轂馬達(前/後輪),5,3,3,2,4,目前沒有,煞車與燈光安全配備再加強,建議推出不同身高對應車架尺寸
2026/01/24 07:20:37,2.女,5.61歲以上,4.未曾使用過,"2.運動健身, 3.通勤代步",1.每週1次(含)以下,1.平路為主,1.5公里以下,5,3,5,6,4,4,6,7,5,6,5,5,5,7,4,6,5,6,5,6,4,5,5,4,4,5,5,3,5,5,3,5,4,4,5,5,5,5,4,平把(登山車),中置馬達,,,,,,目前沒有購買需求,想先了解續航與安全性,希望政府有更多推廣與補助措施
2026/01/03 21:38:35,1.男,2.31-40歲,2.曾使用過,4.假日旅遊,1.每週1次(含)以下,1.平路為主,2.6-15公里,7,4,4,5,4,5,6,5,6,6,6,5,6,4,4,6,5,7,7,6,7,4,5,5,6,5,5,5,5,6,4,5,7,5,6,4,5,5,3,皆可,不確定/不了解,4,3,2,5,4,維修據點不夠多,降低車重，推行更方便,希望展示剩餘里程更準確
2026/01/13 15:45:27,1.男,,2.曾使用過,4.假日旅遊,1.每週1次(含)以下,1.平路為主,1.5公里以下,7,6,5,5,5,5,5,7,4,7,6,7,5,6,6,4,7,5,5,6,5,7,5,6,4,5,5,6,5,5,6,5,5,6,4,4,4,7,6,皆可,皆可,5,4,3,5,4,暫無,坐墊舒適度與避震表現提升,若能提供更多配件選配會更好
2026/02/12 06:57:47,1.男,2.31-40歲,2.曾使用過,3.通勤代步,1.每週1次(含)以下,3混合路況,2.6-15公里,4,4,5,5,5,4,6,5,6,4,5,6,5,6,6,6,6,6,6,6,6,5,4,5,5,5,5,5,6,5,5,5,5,7,4,5,6,5,5,皆可,不確定/不了解,4,4,5,3,5,無,充電時間再縮短,希望政府有更多推廣與補助措施
2026/02/13 21:44:12,2.女,3.41-50歲,2.曾使用過,2.運動健身,1.每週1次(含)以下,3混合路況,3.16-30公里,6,7,6,4,6,7,6,5,4,6,6,7,6,3,7,6,5,5,5,4,6,6,4,5,7,6,5,5,4,6,5,4,6,4,6,4,5,5,6,皆可,中置馬達,4,3,4,4,4,目前沒有,外觀設計更年輕化,無
2026/01/07 18:29:10,1.男,1.30歲以下,2.曾使用過,4.假日旅遊,1.每週1次(含)以下,3混合路況,1.5公里以下,5,7,7,4,7,3,7,5,6,6,5,6,7,5,6,5,7,6,5,4,4,5,5,5,4,6,3,6,6,5,5,6,5,5,7,4,5,3,6,不確定/不了解,輪轂馬達(前/後輪),3,4,5,4,4,目前沒有,變速與助力切換更平順,建議加強防盜與定位功能
2026/02/24 13:02:49,1.男,3.41-50歲,3.僅體驗過,1.日常休閒,3.每週4次(含)以上,3混合路況,3.16-30公里,6,4,5,5,5,5,7,4,6,5,5,4,2,5,7,4,4,5,5,5,5,4,5,4,4,6,6,6,3,3,4,5,3,4,6,5,6,5,5,平把(登山車),皆可,3,4,5,2,5,目前沒有,電池可拆卸設計更便利,希望政府有更多推廣與補助措施
2026/02/20 08:54:51,1.男,1.30歲以下,3.僅體驗過,2.運動健身,1.每週1次(含)以下,1.平路為主,4.31公里以上,7,6,6,5,5,4,6,7,5,4,6,4,4,5,4,6,4,5,7,5,6,4,6,6,7,5,6,4,4,5,4,5,5,7,5,5,4,5,5,皆可,中置馬達,2,3,4,4,3,無,充電時間再縮短,希望保固內容更透明
2026/02/24 12:59:29,1.男,3.41-50歲,1.目前使用中,1.日常休閒,3.每週4次(含)以上,3混合路況,1.5公里以下,6,6,4,5,6,5,4,7,7,6,6,7,5,6,5,5,6,6,6,7,4,5,4,5,7,4,4,4,5,5,7,4,7,4,3,7,7,5,7,皆可,皆可,4,5,2,4,3,仍偏好一般自行車,煞車與燈光安全配備再加強,無
2026/01/04 15:39:44,2.女,1.30歲以下,2.曾使用過,,1.每週1次(含)以下,3混合路況,3.16-30公里,6,6,6,5,5,6,5,5,6,6,6,5,7,6,5,7,5,6,4,6,7,6,4,6,3,5,5,7,6,4,4,6,5,6,5,6,5,5,5,平把(登山車),不確定/不了解,3,4,4,5,4,目前沒有,續航力再提升,希望政府有更多推廣與補助措施
2026/02/23 16:55:50,1.男,2.31-40歲,3.僅體驗過,3.通勤代步,2.每週2-3次,1.平路為主,4.31公里以上,5,7,6,7,6,7,6,5,5,4,6,5,5,4,6,5,5,6,7,5,4,5,6,5,6,5,6,6,4,5,4,6,4,5,4,6,6,5,5,不確定/不了解,皆可,4,2,3,3,3,暫無,電池可拆卸設計更便利,若能提供更多配件選配會更好
2026/01/23 19:12:13,1.男,3.41-50歲,2.曾使用過,4.假日旅遊,1.每週1次(含)以下,3混合路況,3.16-30公里,4,5,6,3,5,7,5,5,5,7,4,4,5,7,6,5,5,5,5,5,6,6,5,6,5,5,5,5,4,5,5,3,5,6,6,4,5,7,3,平把(登山車),中置馬達,4,4,5,4,4,暫無,坐墊舒適度與避震表現提升,無
2026/02/11 20:52:36,1.男,4.51-60歲,2.曾使用過,3.通勤代步,1.每週1次(含)以下,3混合路況,2.6-15公里,4,5,4,4,6,5,7,4,6,7,6,4,5,5,5,7,5,6,7,5,7,6,6,4,5,6,6,5,5,5,4,4,4,5,6,5,5,5,5,平把(登山車),中置馬達,5,4,3,5,4,無,續航力再提升,若能提供更多配件選配會更好
2026/01/02 02:24:59,3.其他/不方便透露,4.51-60歲,3.僅體驗過,3.通勤代步,3.每週4次(含)以上,1.平路為主,3.16-30公里,6,5,5,4,5,6,6,5,5,5,5,6,4,4,4,6,7,5,5,4,5,7,4,3,6,6,4,5,5,4,6,5,4,5,7,5,4,5,6,皆可,皆可,3,3,3,5,3,無,外觀設計更年輕化,希望政府有更多推廣與補助措施
2026/02/24 04:26:28,2.女,2.31-40歲,1.目前使用中,2.運動健身,1.每週1次(含)以下,3混合路況,2.6-15公里,6,7,5,7,4,5,6,6,5,6,7,7,6,6,7,5,7,6,7,6,7,4,5,7,6,5,5,5,7,6,6,5,5,5,6,5,5,5,6,平把(登山車),中置馬達,4,5,5,5,3,無,煞車與燈光安全配備再加強,希望保固內容更透明
2026/02/12 23:00:51,1.男,4.51-60歲,4.未曾使用過,1.日常休閒,1.每週1次(含)以下,3混合路況,1.5公里以下,5,5,5,6,6,4,5,5,2,5,7,5,4,6,4,5,3,3,5,4,5,4,5,6,5,6,5,5,5,4,6,6,5,3,4,5,6,5,4,彎把(公路車),皆可,,,,,,目前沒有購買需求,想先了解續航與安全性,可增加試乘體驗與租借服務
2026/01/30 11:27:57,1.男,1.30歲以下,2.曾使用過,4.假日旅遊,,3混合路況,3.16-30公里,6,6,5,5,6,5,5,7,5,6,4,5,4,7,5,5,4,5,6,6,7,6,5,6,6,6,3,5,5,5,5,6,4,5,5,7,5,7,6,皆可,皆可,5,4,2,5,4,維修據點不夠多,煞車與燈光安全配備再加強,希望保固內容更透明
2026/01/20 15:03:32,2.女,1.30歲以下,4.未曾使用過,3.通勤代步,1.每週1次(含)以下,3混合路況,1.5公里以下,5,5,6,5,4,6,5,6,5,5,4,4,4,5,5,5,4,6,6,6,6,7,4,6,3,6,4,4,2,5,2,3,5,7,5,6,5,5,4,皆可,中置馬達,,,,,,尚未實際使用，暫時無法判斷,想先了解續航與安全性,建議推出不同身高對應車架尺寸
2026/01/10 16:36:19,1.男,5.61歲以上,1.目前使用中,1.日常休閒,2.每週2-3次,3混合路況,1.5公里以下,6,4,6,5,6,7,7,6,6,5,6,6,6,7,6,6,5,7,7,5,6,5,7,5,6,4,7,5,6,5,7,5,6,6,5,4,5,5,5,彎把(公路車),中置馬達,5,5,3,3,4,目前沒有,外觀設計更年輕化,希望展示剩餘里程更準確
2026/02/12 12:13:16,2.女,3.41-50歲,2.曾使用過,2.運動健身,1.每週1次(含)以下,1.平路為主,1.5公里以下,6,6,6,4,5,7,6,5,4,4,5,4,5,5,3,6,6,6,5,5,5,5,5,4,5,7,5,6,6,5,3,4,6,5,5,5,6,7,5,皆可,中置馬達,3,4,4,4,4,目前沒有,坐墊舒適度與避震表現提升,希望後續維修保養流程更簡單
2026/02/21 22:15:19,1.男,3.41-50歲,2.曾使用過,"1.日常休閒, 3.通勤代步",1.每週1次(含)以下,1.平路為主,2.6-15公里,7,6,5,5,4,6,5,5,5,6,6,5,5,6,5,4,6,5,5,5,5,6,7,3,6,5,4,6,4,3,5,4,6,6,4,4,7,4,5,平把(登山車),皆可,5,3,4,4,3,目前沒有,續航力再提升,若能提供更多配件選配會更好
2026/02/08 15:25:41,2.女,3.41-50歲,2.曾使用過,"2.運動健身, 3.通勤代步, 4.假日旅遊",2.每週2-3次,3混合路況,1.5公里以下,5,6,6,7,6,4,5,5,5,6,6,7,7,5,5,6,6,5,7,6,5,4,5,5,5,5,4,5,4,5,5,5,4,5,6,4,6,4,5,平把(登山車),中置馬達,5,4,3,5,5,目前沒有,降低車重，推行更方便,若能提供更多配件選配會更好
2026/02/22 21:28:08,1.男,2.31-40歲,3.僅體驗過,3.通勤代步,3.每週4次(含)以上,3混合路況,3.16-30公里,7,7,4,5,5,4,6,4,5,5,5,3,5,3,4,7,5,4,6,5,3,6,5,5,6,3,5,5,6,5,4,4,6,5,5,5,4,5,5,平把(登山車),中置馬達,3,5,3,4,4,無,充電時間再縮短,希望展示剩餘里程更準確
2026/02/04 02:12:01,2.女,4.51-60歲,2.曾使用過,3.通勤代步,1.每週1次(含)以下,1.平路為主,4.31公里以上,6,5,3,5,4,5,5,6,4,5,6,6,4,6,6,6,7,5,7,6,6,5,6,6,6,4,4,6,6,5,5,4,7,5,5,4,5,5,5,平把(登山車),中置馬達,4,5,4,3,4,無,坐墊舒適度與避震表現提升,可增加試乘體驗與租借服務
2026/02/24 05:31:08,2.女,5.61歲以上,3.僅體驗過,1.日常休閒,1.每週1次(含)以下,3混合路況,4.31公里以上,7,6,5,3,6,4,5,6,6,6,6,4,6,5,5,5,6,7,5,5,7,7,5,7,7,5,4,5,6,4,5,6,4,7,7,7,5,5,5,彎把(公路車),不確定/不了解,4,3,4,5,4,無,續航力再提升,建議加強防盜與定位功能
2026/01/22 17:49:24,2.女,4.51-60歲,2.曾使用過,4.假日旅遊,2.每週2-3次,3混合路況,3.16-30公里,5,6,4,4,5,6,5,5,5,4,5,5,6,6,6,5,7,5,6,7,4,5,6,4,5,6,6,4,5,4,6,7,5,4,4,6,7,5,6,皆可,中置馬達,5,4,4,2,3,暫無,續航力再提升,若能提供更多配件選配會更好
2026/02/11 14:45:04,1.男,4.51-60歲,1.目前使用中,3.通勤代步,1.每週1次(含)以下,3混合路況,3.16-30公里,6,5,6,7,5,5,6,7,6,4,7,5,4,6,5,5,5,6,7,6,6,5,6,5,6,4,6,6,6,6,6,6,7,5,5,6,6,5,5,不確定/不了解,輪轂馬達(前/後輪),5,4,5,5,5,暫無,降低車重，推行更方便,建議推出不同身高對應車架尺寸
2026/01/23 18:44:51,2.女,3.41-50歲,4.未曾使用過,2.運動健身,1.每週1次(含)以下,1.平路為主,2.6-15公里,5,6,4,6,6,5,5,4,5,6,6,6,6,5,4,5,4,5,7,4,4,3,4,5,4,6,5,6,4,6,4,5,5,5,5,4,6,5,5,平把(登山車),輪轂馬達(前/後輪),,,,,,還在觀望價格與實際效益,無,建議推出不同身高對應車架尺寸
2026/01/05 07:16:26,2.女,3.41-50歲,4.未曾使用過,"1.日常休閒, 3.通勤代步",1.每週1次(含)以下,3混合路況,3.16-30公里,6,5,4,5,5,4,5,4,6,5,7,5,6,4,6,7,6,5,5,4,7,5,5,5,6,3,7,6,4,6,5,3,4,4,4,3,4,4,3,皆可,中置馬達,,,,,,還在觀望價格與實際效益,想先了解續航與安全性,建議推出不同身高對應車架尺寸
2026/02/11 01:11:46,2.女,3.41-50歲,3.僅體驗過,2.運動健身,3.每週4次(含)以上,1.平路為主,2.6-15公里,3,3,4,6,6,4,6,6,5,4,5,7,7,5,5,4,5,5,6,6,5,6,6,4,6,7,6,4,4,5,5,4,5,6,6,6,6,5,5,不確定/不了解,中置馬達,3,4,4,3,4,暫無,充電時間再縮短,建議推出不同身高對應車架尺寸
2026/02/15 14:22:33,1.男,4.51-60歲,4.未曾使用過,"2.運動健身, 5.其他：露營與戶外活動",1.每週1次(含)以下,3混合路況,1.5公里以下,5,4,3,3,6,5,4,4,4,3,5,6,4,4,5,5,5,5,4,7,4,5,7,5,3,5,3,4,5,5,5,3,4,4,5,4,6,4,5,平把(登山車),中置馬達,,,,,,目前沒有購買需求,價格與售後服務資訊更清楚,希望政府有更多推廣與補助措施
2026/01/09 02:38:30,1.男,3.41-50歲,3.僅體驗過,2.運動健身,1.每週1次(含)以下,3混合路況,3.16-30公里,4,3,6,5,5,5,4,,5,5,7,6,4,3,5,4,5,4,7,5,4,5,4,5,5,5,4,4,6,6,4,3,3,6,6,4,3,6,4,彎把(公路車),輪轂馬達(前/後輪),4,5,4,4,3,無,外觀設計更年輕化,可增加試乘體驗與租借服務
2026/01/20 22:42:32,2.女,5.61歲以上,2.曾使用過,4.假日旅遊,1.每週1次(含)以下,1.平路為主,4.31公里以上,4,7,5,6,5,3,5,5,6,5,6,6,6,6,6,5,4,7,7,6,7,4,4,5,5,4,5,4,4,5,5,4,5,4,6,5,5,4,6,彎把(公路車),皆可,5,4,4,3,4,目前沒有,煞車與燈光安全配備再加強,無
2026/02/12 00:34:09,1.男,4.51-60歲,1.目前使用中,2.運動健身,1.每週1次(含)以下,3混合路況,2.6-15公里,5,7,5,5,5,6,7,6,5,7,6,6,5,6,7,6,6,6,4,7,5,6,6,7,6,6,7,6,6,5,4,4,6,6,6,7,4,6,5,平把(登山車),不確定/不了解,5,4,4,3,4,無,煞車與燈光安全配備再加強,建議推出不同身高對應車架尺寸
2026/01/03 18:22:57,1.男,3.41-50歲,1.目前使用中,1.日常休閒,1.每週1次(含)以下,1.平路為主,3.16-30公里,6,3,6,7,5,5,7,6,5,7,4,7,7,6,5,6,3,6,6,7,7,6,5,7,6,5,6,7,4,5,3,4,5,7,3,4,6,3,6,平把(登山車),不確定/不了解,5,4,4,5,3,暫無,電池可拆卸設計更便利,希望展示剩餘里程更準確
2026/01/21 19:11:10,1.男,,1.目前使用中,1.日常休閒,1.每週1次(含)以下,3混合路況,3.16-30公里,7,4,4,5,6,6,5,6,5,4,7,7,5,6,6,6,7,7,6,6,7,6,7,6,6,6,6,5,4,4,4,6,5,4,7,3,5,4,5,皆可,輪轂馬達(前/後輪),4,4,4,4,3,無,售後維修據點更普及,可增加試乘體驗與租借服務
2026/02/06 11:00:41,2.女,4.51-60歲,3.僅體驗過,1.日常休閒,3.每週4次(含)以上,1.平路為主,2.6-15公里,6,5,6,6,4,5,5,5,7,7,6,7,4,3,5,5,6,4,6,4,6,6,4,5,6,5,4,6,5,6,4,3,6,6,4,7,6,4,5,不確定/不了解,中置馬達,2,2,2,2,3,電池續航力不足,續航力再提升,希望政府有更多推廣與補助措施
2026/02/21 03:28:15,1.男,3.41-50歲,2.曾使用過,5.其他：社區短程移動,1.每週1次(含)以下,1.平路為主,3.16-30公里,5,5,6,4,7,5,7,7,6,5,5,5,4,5,4,5,5,6,5,7,6,4,7,5,5,5,3,4,6,5,4,6,6,6,5,4,4,6,3,不確定/不了解,不確定/不了解,3,4,4,3,3,無,變速與助力切換更平順,無
2026/02/02 20:21:58,2.女,2.31-40歲,3.僅體驗過,"3.通勤代步, 4.假日旅遊",1.每週1次(含)以下,1.平路為主,3.16-30公里,4,4,6,5,5,4,7,6,6,5,5,4,5,5,5,6,4,4,5,5,6,4,6,5,5,4,6,6,5,7,6,4,4,6,5,5,5,3,7,平把(登山車),皆可,4,4,3,4,3,目前沒有,煞車與燈光安全配備再加強,希望政府有更多推廣與補助措施
2026/02/13 08:24:10,1.男,3.41-50歲,3.僅體驗過,4.假日旅遊,2.每週2-3次,3混合路況,4.31公里以上,7,4,5,5,4,4,6,5,4,7,5,4,5,5,7,7,7,6,7,5,4,4,4,4,5,5,4,4,5,4,4,5,5,5,5,5,4,3,5,平把(登山車),中置馬達,2,4,3,3,3,暫無,價格更親民一些,若能提供更多配件選配會更好
2026/01/09 08:54:07,1.男,3.41-50歲,4.未曾使用過,"1.日常休閒, 4.假日旅遊",1.每週1次(含)以下,1.平路為主,2.6-15公里,7,5,6,3,5,4,5,6,7,4,6,5,4,5,4,5,6,7,6,6,4,4,5,7,3,5,6,5,5,4,4,6,3,5,5,3,4,4,3,平把(登山車),中置馬達,,,,,,還在觀望價格與實際效益,無,希望保固內容更透明
2026/02/04 16:29:43,2.女,4.51-60歲,2.曾使用過,"1.日常休閒, 2.運動健身",1.每週1次(含)以下,1.平路為主,4.31公里以上,5,5,6,6,5,6,6,6,6,5,5,5,6,5,7,5,6,6,6,6,4,5,4,6,6,5,7,4,5,4,7,7,5,5,4,7,3,7,4,彎把(公路車),輪轂馬達(前/後輪),5,5,5,4,3,暫無,坐墊舒適度與避震表現提升,若能提供更多配件選配會更好
2026/01/29 07:36:54,2.女,,3.僅體驗過,4.假日旅遊,1.每週1次(含)以下,1.平路為主,2.6-15公里,5,6,5,3,5,6,7,6,7,5,5,5,7,6,7,7,6,5,6,6,6,6,5,4,6,6,5,3,4,6,5,4,4,4,5,5,6,4,5,不確定/不了解,皆可,3,5,4,4,3,無,售後維修據點更普及,可增加試乘體驗與租借服務
2026/02/16 13:53:53,1.男,4.51-60歲,2.曾使用過,"1.日常休閒, 2.運動健身, 4.假日旅遊",1.每週1次(含)以下,3混合路況,1.5公里以下,4,6,6,2,5,5,5,6,5,5,5,7,5,4,6,3,5,6,5,6,4,5,7,6,6,6,6,6,4,4,5,7,7,5,5,7,7,5,6,皆可,中置馬達,5,5,4,5,4,目前沒有,價格更親民一些,希望政府有更多推廣與補助措施
2026/02/07 01:25:31,1.男,4.51-60歲,1.目前使用中,4.假日旅遊,1.每週1次(含)以下,3混合路況,2.6-15公里,4,6,7,6,7,6,6,7,7,4,4,7,7,5,7,6,6,6,6,7,7,6,7,7,6,4,5,5,4,4,6,4,7,7,6,6,6,5,5,皆可,中置馬達,4,4,4,4,3,目前沒有,電池可拆卸設計更便利,建議加強防盜與定位功能
2026/01/23 11:50:14,2.女,1.30歲以下,2.曾使用過,5.其他：社區短程移動,1.每週1次(含)以下,1.平路為主,1.5公里以下,6,6,4,6,5,4,5,5,4,5,5,6,6,7,6,5,6,4,4,7,5,5,7,5,5,5,5,4,7,3,6,4,2,6,5,4,5,5,4,彎把(公路車),輪轂馬達(前/後輪),5,4,5,4,3,目前沒有,售後維修據點更普及,若能提供更多配件選配會更好
2026/01/14 10:52:34,1.男,3.41-50歲,3.僅體驗過,1.日常休閒,4.幾乎每天,1.平路為主,1.5公里以下,6,5,7,5,5,5,5,6,5,5,5,5,3,7,5,6,5,4,6,5,5,5,6,5,5,6,4,6,5,6,4,4,4,4,7,5,4,4,6,不確定/不了解,輪轂馬達(前/後輪),4,1,4,4,2,對長期耐用度仍有疑慮,坐墊舒適度與避震表現提升,無
2026/01/26 15:43:30,1.男,4.51-60歲,2.曾使用過,2.運動健身,2.每週2-3次,3混合路況,2.6-15公里,4,7,3,6,6,5,7,5,6,3,6,6,6,4,7,6,7,6,5,6,3,7,6,6,5,3,6,5,5,7,6,5,7,4,4,6,7,6,5,平把(登山車),輪轂馬達(前/後輪),3,4,5,3,4,無,降低車重，推行更方便,希望展示剩餘里程更準確
2026/02/17 18:03:09,1.男,2.31-40歲,3.僅體驗過,1.日常休閒,3.每週4次(含)以上,3混合路況,2.6-15公里,5,5,5,5,4,3,5,5,6,5,6,7,4,4,5,5,6,5,6,4,5,5,4,4,5,6,5,5,6,5,5,3,5,6,4,5,5,5,6,平把(登山車),皆可,4,3,4,4,3,目前沒有,煞車與燈光安全配備再加強,希望保固內容更透明
2026/01/17 01:46:04,1.男,3.41-50歲,2.曾使用過,4.假日旅遊,1.每週1次(含)以下,1.平路為主,2.6-15公里,5,4,5,5,6,5,4,6,6,5,5,5,6,7,7,5,5,6,5,6,5,7,6,4,5,4,4,5,4,6,4,5,4,5,5,6,5,4,3,平把(登山車),中置馬達,4,4,4,5,3,暫無,續航力再提升,希望展示剩餘里程更準確
2026/02/17 17:33:31,2.女,5.61歲以上,4.未曾使用過,"3.通勤代步, 5.其他：河濱自行車道騎乘",3.每週4次(含)以上,3混合路況,2.6-15公里,6,7,4,7,4,5,5,7,6,6,4,7,5,7,4,5,6,4,5,7,5,5,5,4,7,5,6,6,5,4,5,6,6,5,5,4,5,5,6,不確定/不了解,中置馬達,,,,,,目前沒有購買需求,無,可增加試乘體驗與租借服務
2026/02/15 15:54:29,1.男,3.41-50歲,2.曾使用過,2.運動健身,3.每週4次(含)以上,1.平路為主,3.16-30公里,5,6,5,6,6,5,5,6,7,6,5,7,4,5,4,7,5,6,6,7,6,6,5,4,7,5,7,3,5,4,4,4,5,7,6,7,4,5,5,平把(登山車),不確定/不了解,4,3,5,5,4,無,變速與助力切換更平順,希望展示剩餘里程更準確
2026/01/31 21:25:51,1.男,3.41-50歲,1.目前使用中,4.假日旅遊,2.每週2-3次,1.平路為主,2.6-15公里,5,6,7,5,5,5,6,5,5,7,7,4,4,4,5,6,7,6,4,7,5,5,5,7,6,6,4,5,4,3,4,5,5,7,6,4,6,6,7,皆可,中置馬達,4,3,3,3,4,暫無,變速與助力切換更平順,希望保固內容更透明
2026/01/13 01:18:58,1.男,4.51-60歲,1.目前使用中,4.假日旅遊,1.每週1次(含)以下,3混合路況,1.5公里以下,7,5,5,6,5,5,6,6,4,7,6,5,5,5,5,6,5,7,7,5,6,5,5,6,6,6,6,7,6,5,5,5,4,4,6,5,5,4,6,皆可,輪轂馬達(前/後輪),4,4,4,3,4,暫無,續航力再提升,希望後續維修保養流程更簡單
2026/02/04 02:26:36,1.男,4.51-60歲,4.未曾使用過,1.日常休閒,1.每週1次(含)以下,3混合路況,2.6-15公里,5,5,5,6,6,5,6,6,6,6,5,5,4,5,5,5,6,6,5,5,6,6,5,6,4,6,5,4,5,3,3,5,6,4,7,6,4,7,5,平把(登山車),輪轂馬達(前/後輪),,,,,,還在觀望價格與實際效益,無,希望保固內容更透明
2026/02/09 16:53:23,2.女,1.30歲以下,3.僅體驗過,2.運動健身,3.每週4次(含)以上,3混合路況,1.5公里以下,3,3,5,5,6,4,4,4,4,7,3,4,4,7,6,4,3,7,7,6,6,6,5,6,5,4,5,4,5,5,5,7,4,5,5,6,6,6,4,彎把(公路車),不確定/不了解,4,4,4,4,3,目前沒有,續航力再提升,希望政府有更多推廣與補助措施
2026/01/26 04:19:04,1.男,5.61歲以上,3.僅體驗過,5.其他：露營與戶外活動,4.幾乎每天,3混合路況,4.31公里以上,6,6,5,5,4,5,5,5,4,6,5,5,6,4,6,5,5,6,5,7,7,5,4,6,4,5,5,6,4,2,6,5,4,4,4,5,6,4,5,皆可,輪轂馬達(前/後輪),3,4,3,4,4,目前沒有,煞車與燈光安全配備再加強,希望展示剩餘里程更準確
2026/02/01 12:15:22,2.女,3.41-50歲,2.曾使用過,4.假日旅遊,1.每週1次(含)以下,3混合路況,4.31公里以上,3,6,7,4,6,5,5,4,6,5,5,3,6,6,5,6,4,5,6,4,5,7,7,4,6,3,6,5,6,6,4,6,5,5,5,4,3,6,6,皆可,中置馬達,4,3,2,5,4,充電不夠方便,外觀設計更年輕化,可增加試乘體驗與租借服務
2026/01/23 11:26:07,2.女,3.41-50歲,1.目前使用中,,1.每週1次(含)以下,3混合路況,2.6-15公里,4,5,6,5,4,6,6,6,6,7,4,7,6,6,7,7,6,6,7,7,4,5,5,5,5,5,5,5,6,6,4,7,5,5,6,6,5,7,6,平把(登山車),皆可,5,4,5,4,2,充電不夠方便,價格更親民一些,若能提供更多配件選配會更好
2026/01/07 10:25:35,1.男,2.31-40歲,2.曾使用過,2.運動健身,1.每週1次(含)以下,3混合路況,2.6-15公里,4,3,5,5,5,6,6,5,4,6,5,5,5,5,6,7,6,4,5,5,4,6,5,5,5,6,6,7,5,7,6,5,6,7,6,4,4,4,6,平把(登山車),中置馬達,4,3,4,4,4,無,降低車重，推行更方便,希望後續維修保養流程更簡單
2026/01/07 07:24:53,2.女,2.31-40歲,2.曾使用過,1.日常休閒,4.幾乎每天,3混合路況,4.31公里以上,6,6,5,6,6,2,5,,6,5,5,6,7,5,5,6,4,5,6,6,5,7,6,5,6,6,5,6,6,3,5,5,3,5,4,7,7,5,7,彎把(公路車),中置馬達,5,5,5,5,4,暫無,電池可拆卸設計更便利,希望後續維修保養流程更簡單
2026/01/14 00:11:43,1.男,4.51-60歲,2.曾使用過,1.日常休閒,1.每週1次(含)以下,1.平路為主,3.16-30公里,6,5,6,6,6,4,4,7,6,5,5,6,5,5,6,5,6,5,4,5,5,4,6,5,5,5,6,5,4,5,5,3,7,7,5,5,4,6,3,皆可,不確定/不了解,4,3,2,3,4,車身偏重、搬運不便,外觀設計更年輕化,建議加強防盜與定位功能
2026/02/07 01:46:54,1.男,1.30歲以下,4.未曾使用過,"1.日常休閒, 3.通勤代步",1.每週1次(含)以下,3混合路況,1.5公里以下,6,5,5,4,3,5,6,7,6,5,6,6,5,6,5,5,5,3,4,4,7,4,6,5,6,3,4,5,5,6,3,5,6,6,5,5,4,3,5,平把(登山車),皆可,,,,,,目前沒有購買需求,價格與售後服務資訊更清楚,希望後續維修保養流程更簡單
2026/01/26 18:32:53,1.男,4.51-60歲,3.僅體驗過,2.運動健身,2.每週2-3次,3混合路況,3.16-30公里,5,5,5,6,5,4,7,5,3,6,5,4,6,5,4,4,5,6,5,6,6,6,5,6,6,5,4,5,5,4,4,5,4,5,6,5,4,5,4,平把(登山車),不確定/不了解,4,4,3,4,5,無,坐墊舒適度與避震表現提升,若能提供更多配件選配會更好
2026/01/25 23:49:01,2.女,3.41-50歲,4.未曾使用過,"1.日常休閒, 2.運動健身",1.每週1次(含)以下,1.平路為主,1.5公里以下,4,6,3,5,5,6,4,6,5,5,5,4,4,4,5,6,4,6,5,6,4,5,5,4,5,6,4,5,4,4,6,6,3,5,4,5,5,4,5,平把(登山車),不確定/不了解,,,,,,還在觀望價格與實際效益,無,希望後續維修保養流程更簡單
2026/01/27 21:59:16,1.男,2.31-40歲,2.曾使用過,1.日常休閒,4.幾乎每天,3混合路況,2.6-15公里,7,7,5,6,6,5,4,6,6,4,5,5,5,6,6,5,6,6,5,5,5,5,6,7,5,5,4,7,5,6,4,5,7,6,6,6,7,3,5,平把(登山車),皆可,4,3,4,4,2,對長期耐用度仍有疑慮,售後維修據點更普及,希望政府有更多推廣與補助措施
2026/02/08 22:46:41,1.男,3.41-50歲,2.曾使用過,"1.日常休閒, 4.假日旅遊",4.幾乎每天,3混合路況,2.6-15公里,4,6,4,5,5,5,5,5,5,5,5,6,6,7,6,5,7,5,6,5,5,6,6,5,6,6,4,4,4,6,3,5,5,3,6,6,6,6,5,平把(登山車),不確定/不了解,3,5,5,5,5,暫無,售後維修據點更普及,希望政府有更多推廣與補助措施
2026/01/11 19:50:20,1.男,2.31-40歲,2.曾使用過,"2.運動健身, 5.其他：河濱自行車道騎乘",,3混合路況,2.6-15公里,5,6,5,3,7,5,5,6,6,4,6,6,5,5,7,6,5,4,5,5,4,6,5,5,6,5,7,5,6,5,5,5,6,6,5,5,3,5,4,皆可,皆可,4,4,3,4,4,暫無,價格更親民一些,建議推出不同身高對應車架尺寸
2026/02/16 18:34:40,2.女,4.51-60歲,1.目前使用中,2.運動健身,2.每週2-3次,1.平路為主,2.6-15公里,6,6,6,6,6,6,7,6,5,6,5,7,6,6,6,4,6,6,5,5,7,6,7,4,5,7,7,5,5,6,5,6,6,4,4,7,5,5,5,平把(登山車),中置馬達,4,3,5,5,5,暫無,充電時間再縮短,希望保固內容更透明
2026/02/25 04:19:16,1.男,2.31-40歲,3.僅體驗過,3.通勤代步,2.每週2-3次,3混合路況,1.5公里以下,5,6,4,4,6,5,6,6,6,6,5,4,5,4,4,5,6,6,6,4,4,4,5,6,6,3,6,4,5,3,3,5,4,5,5,4,5,5,4,平把(登山車),不確定/不了解,4,3,2,3,4,電池續航力不足,變速與助力切換更平順,希望後續維修保養流程更簡單
2026/02/10 20:19:46,2.女,4.51-60歲,1.目前使用中,"2.運動健身, 3.通勤代步",1.每週1次(含)以下,1.平路為主,3.16-30公里,4,5,5,4,6,3,7,7,6,5,6,6,6,6,6,7,5,5,6,6,5,5,6,6,7,6,4,5,6,6,4,6,6,5,6,6,6,6,6,彎把(公路車),皆可,5,4,4,4,3,暫無,售後維修據點更普及,希望政府有更多推廣與補助措施
2026/01/25 16:59:07,1.男,3.41-50歲,4.未曾使用過,1.日常休閒,3.每週4次(含)以上,2.上下坡為主,3.16-30公里,6,5,5,5,6,6,6,4,5,5,4,5,4,5,7,5,7,5,2,4,7,5,6,5,5,5,4,5,4,5,4,3,6,4,4,5,4,4,3,皆可,皆可,,,,,,目前沒有購買需求,價格與售後服務資訊更清楚,無
2026/01/11 22:43:10,1.男,2.31-40歲,1.目前使用中,"1.日常休閒, 2.運動健身, 3.通勤代步",1.每週1次(含)以下,1.平路為主,3.16-30公里,6,4,7,6,5,7,7,5,5,5,6,5,6,5,6,7,6,7,6,7,5,5,5,4,5,5,5,6,6,5,5,5,6,6,7,4,3,7,3,皆可,輪轂馬達(前/後輪),4,4,5,3,4,目前沒有,坐墊舒適度與避震表現提升,希望政府有更多推廣與補助措施
2026/02/03 08:36:49,1.男,1.30歲以下,3.僅體驗過,4.假日旅遊,3.每週4次(含)以上,1.平路為主,1.5公里以下,6,5,4,6,6,4,4,6,5,4,4,5,5,5,7,5,6,6,7,5,4,6,7,4,6,6,7,6,4,6,3,6,4,4,5,5,5,6,6,皆可,中置馬達,3,4,3,2,3,無,外觀設計更年輕化,可增加試乘體驗與租借服務
2026/01/29 02:57:12,1.男,2.31-40歲,3.僅體驗過,"2.運動健身, 3.通勤代步",2.每週2-3次,3混合路況,3.16-30公里,4,5,4,4,6,4,6,5,6,4,5,5,3,6,3,6,5,5,5,6,5,6,7,4,7,5,7,5,6,5,4,3,4,5,5,4,4,5,5,平把(登山車),輪轂馬達(前/後輪),4,3,3,4,3,暫無,售後維修據點更普及,建議加強防盜與定位功能
2026/01/04 10:12:55,1.男,2.31-40歲,4.未曾使用過,1.日常休閒,1.每週1次(含)以下,3混合路況,1.5公里以下,4,5,6,5,5,5,5,5,5,5,6,6,3,6,4,6,3,6,7,5,4,3,6,3,3,5,5,5,5,4,4,5,3,4,6,4,4,6,4,平把(登山車),輪轂馬達(前/後輪),,,,,,目前沒有購買需求,無,希望後續維修保養流程更簡單
2026/02/08 21:01:36,2.女,3.41-50歲,2.曾使用過,2.運動健身,1.每週1次(含)以下,3混合路況,4.31公里以上,3,5,7,6,7,6,5,5,6,6,6,7,7,4,6,5,6,6,6,3,4,4,5,5,0,4,4,5,6,5,4,4,4,4,6,6,5,6,2,平把(登山車),輪轂馬達(前/後輪),5,3,5,5,5,目前沒有,外觀設計更年輕化,希望後續維修保養流程更簡單
2026/01/30 00:06:04,2.女,3.41-50歲,1.目前使用中,1.日常休閒,1.每週1次(含)以下,3混合路況,2.6-15公里,7,6,5,5,6,6,5,6,7,7,3,6,4,6,5,5,4,6,5,6,5,5,6,5,7,7,4,6,7,5,7,4,5,7,5,5,5,4,3,皆可,中置馬達,4,4,5,4,3,暫無,煞車與燈光安全配備再加強,無
2026/02/11 08:50:19,2.女,1.30歲以下,2.曾使用過,1.日常休閒,1.每週1次(含)以下,3混合路況,1.5公里以下,5,6,5,4,5,5,7,4,5,7,5,4,6,4,5,7,5,7,4,4,5,4,4,5,6,5,5,5,7,6,4,7,7,4,6,4,5,4,5,不確定/不了解,皆可,4,5,5,4,4,目前沒有,煞車與燈光安全配備再加強,可增加試乘體驗與租借服務
2026/01/01 15:17:11,2.女,2.31-40歲,3.僅體驗過,1.日常休閒,1.每週1次(含)以下,1.平路為主,1.5公里以下,3,5,3,3,6,3,4,6,5,6,4,6,7,5,4,6,5,6,5,5,5,5,5,5,5,6,6,4,3,4,5,2,7,5,5,7,7,6,5,平把(登山車),中置馬達,5,3,5,4,3,暫無,售後維修據點更普及,希望保固內容更透明
2026/02/02 19:16:22,1.男,5.61歲以上,2.曾使用過,3.通勤代步,3.每週4次(含)以上,1.平路為主,2.6-15公里,5,4,4,6,5,6,4,5,6,5,5,4,6,6,4,4,4,4,6,4,6,6,6,6,5,4,7,5,7,6,4,7,6,6,5,7,6,3,5,皆可,輪轂馬達(前/後輪),4,4,4,4,4,無,價格更親民一些,建議推出不同身高對應車架尺寸
2026/02/23 20:26:39,1.男,2.31-40歲,1.目前使用中,"2.運動健身, 4.假日旅遊",1.每週1次(含)以下,1.平路為主,2.6-15公里,6,5,6,4,7,5,4,4,6,6,6,5,7,5,5,7,7,4,5,6,5,5,7,4,4,6,4,6,5,7,7,5,6,7,5,4,7,5,5,皆可,中置馬達,3,3,5,5,3,目前沒有,價格更親民一些,無
2026/02/10 13:45:22,2.女,4.51-60歲,2.曾使用過,2.運動健身,3.每週4次(含)以上,3混合路況,4.31公里以上,5,4,4,5,4,6,5,7,7,7,6,5,4,6,7,5,7,4,7,7,5,5,6,6,4,6,7,6,7,4,5,5,4,4,5,5,4,6,6,皆可,中置馬達,5,5,3,3,4,目前沒有,煞車與燈光安全配備再加強,希望後續維修保養流程更簡單
2026/01/19 03:59:21,2.女,4.51-60歲,2.曾使用過,1.日常休閒,1.每週1次(含)以下,3混合路況,3.16-30公里,5,7,5,4,4,4,4,5,7,7,6,7,7,7,5,6,3,5,6,6,5,5,5,5,7,4,5,6,3,5,5,5,6,6,7,6,5,5,4,皆可,輪轂馬達(前/後輪),4,5,4,4,5,無,煞車與燈光安全配備再加強,希望政府有更多推廣與補助措施
2026/01/08 10:36:09,1.男,2.31-40歲,2.曾使用過,2.運動健身,1.每週1次(含)以下,3混合路況,4.31公里以上,6,6,5,6,5,4,5,7,5,6,5,6,5,7,5,5,6,6,6,4,4,6,5,4,7,3,5,5,5,5,6,4,6,6,6,5,4,5,6,皆可,皆可,5,2,4,4,3,暫無,充電時間再縮短,希望政府有更多推廣與補助措施
2026/01/26 22:07:40,1.男,4.51-60歲,3.僅體驗過,"1.日常休閒, 3.通勤代步",1.每週1次(含)以下,3混合路況,3.16-30公里,6,5,6,5,5,4,6,5,7,6,6,3,5,6,5,6,6,6,5,5,6,5,3,6,6,5,5,4,5,3,4,6,5,6,7,6,6,7,4,平把(登山車),皆可,3,4,3,3,2,維修據點不夠多,價格更親民一些,可增加試乘體驗與租借服務
2026/02/02 20:20:30,2.女,5.61歲以上,2.曾使用過,2.運動健身,1.每週1次(含)以下,3混合路況,1.5公里以下,6,7,5,5,5,5,6,5,3,5,7,6,5,7,6,6,5,7,4,7,6,6,5,6,5,4,4,4,4,5,6,4,7,4,4,5,4,6,5,不確定/不了解,中置馬達,5,5,5,2,4,暫無,變速與助力切換更平順,若能提供更多配件選配會更好
2026/02/15 22:20:41,1.男,5.61歲以上,4.未曾使用過,1.日常休閒,1.每週1次(含)以下,3混合路況,3.16-30公里,5,4,5,5,4,3,5,5,4,5,7,4,6,7,5,5,6,7,5,2,5,6,5,4,6,5,5,5,6,5,5,5,7,5,3,4,5,6,4,平把(登山車),不確定/不了解,,,,,,目前沒有購買需求,價格與售後服務資訊更清楚,希望後續維修保養流程更簡單
2026/02/12 22:08:28,1.男,3.41-50歲,4.未曾使用過,1.日常休閒,1.每週1次(含)以下,3混合路況,2.6-15公里,5,4,5,5,4,7,3,6,5,7,5,4,6,4,4,5,5,5,5,4,5,5,5,4,4,6,3,5,6,3,5,5,4,4,6,4,5,5,4,彎把(公路車),皆可,,,,,,尚未實際使用，暫時無法判斷,無,希望政府有更多推廣與補助措施
2026/01/20 20:36:30,1.男,2.31-40歲,2.曾使用過,1.日常休閒,2.每週2-3次,1.平路為主,1.5公里以下,4,3,4,6,5,7,5,7,7,7,6,6,6,4,6,4,6,4,5,4,6,6,6,7,4,5,5,7,4,7,5,3,5,5,7,5,5,3,4,皆可,中置馬達,5,4,4,4,5,無,價格更親民一些,希望後續維修保養流程更簡單
2026/02/18 22:39:48,1.男,4.51-60歲,2.曾使用過,4.假日旅遊,2.每週2-3次,3混合路況,1.5公里以下,6,6,4,7,4,5,7,6,7,6,5,5,6,4,7,5,5,7,3,6,6,5,7,6,5,4,5,3,4,5,5,6,6,5,4,5,4,5,6,皆可,輪轂馬達(前/後輪),5,5,3,5,3,目前沒有,電池可拆卸設計更便利,建議推出不同身高對應車架尺寸
2026/01/11 18:09:46,1.男,4.51-60歲,2.曾使用過,3.通勤代步,1.每週1次(含)以下,3混合路況,1.5公里以下,4,6,5,4,5,5,6,4,5,4,7,4,7,7,5,5,6,6,6,5,6,5,7,6,5,3,5,5,5,4,4,4,5,7,6,5,5,5,5,平把(登山車),中置馬達,5,3,4,3,4,暫無,售後維修據點更普及,無
2026/02/02 06:31:10,1.男,4.51-60歲,3.僅體驗過,"1.日常休閒, 2.運動健身, 3.通勤代步",1.每週1次(含)以下,1.平路為主,2.6-15公里,6,6,5,5,6,6,6,4,5,6,5,5,6,7,5,5,6,7,5,5,5,5,6,5,6,5,4,6,6,6,6,4,2,5,6,6,4,4,5,平把(登山車),不確定/不了解,3,4,4,2,2,維修據點不夠多,充電時間再縮短,建議加強防盜與定位功能
2026/01/13 10:32:30,1.男,1.30歲以下,3.僅體驗過,3.通勤代步,1.每週1次(含)以下,3混合路況,1.5公里以下,5,6,4,7,6,5,6,5,7,6,5,4,4,4,5,7,4,6,7,7,3,4,4,6,4,4,6,4,5,4,7,4,4,6,6,6,6,6,4,平把(登山車),不確定/不了解,4,4,3,4,3,目前沒有,充電時間再縮短,建議推出不同身高對應車架尺寸
2026/02/03 14:36:16,1.男,4.51-60歲,4.未曾使用過,1.日常休閒,1.每週1次(含)以下,3混合路況,3.16-30公里,4,4,6,4,7,6,4,4,6,5,5,5,4,5,6,3,7,5,6,6,7,6,5,6,4,5,4,5,4,5,6,3,6,5,5,3,5,5,5,平把(登山車),中置馬達,,,,,,還在觀望價格與實際效益,價格與售後服務資訊更清楚,希望政府有更多推廣與補助措施
2026/01/20 03:53:02,1.男,4.51-60歲,4.未曾使用過,4.假日旅遊,1.每週1次(含)以下,2.上下坡為主,1.5公里以下,5,4,5,5,5,5,6,3,5,6,5,5,6,6,5,6,5,4,5,5,6,5,5,4,5,3,5,6,3,3,4,4,6,6,4,6,6,5,4,平把(登山車),中置馬達,,,,,,尚未實際使用，暫時無法判斷,想先了解續航與安全性,希望保固內容更透明
2026/02/02 08:50:05,1.男,4.51-60歲,2.曾使用過,"3.通勤代步, 4.假日旅遊",2.每週2-3次,3混合路況,4.31公里以上,6,6,7,7,6,6,6,6,4,6,6,6,5,5,5,5,6,5,7,3,6,4,5,6,7,5,4,3,5,5,5,5,6,7,5,6,5,6,6,不確定/不了解,皆可,4,4,4,5,4,目前沒有,坐墊舒適度與避震表現提升,可增加試乘體驗與租借服務
2026/02/24 20:32:50,2.女,2.31-40歲,3.僅體驗過,4.假日旅遊,1.每週1次(含)以下,1.平路為主,3.16-30公里,5,5,4,6,5,6,6,5,5,5,6,6,6,4,4,5,6,3,6,4,5,4,6,5,5,5,4,5,5,3,5,3,5,6,6,5,6,3,5,平把(登山車),中置馬達,4,3,2,3,4,車身偏重、搬運不便,續航力再提升,無
2026/01/20 01:32:52,1.男,2.31-40歲,3.僅體驗過,1.日常休閒,4.幾乎每天,3混合路況,2.6-15公里,5,4,5,3,4,5,5,5,4,6,6,6,6,5,6,6,5,4,7,5,6,6,5,2,4,3,5,6,4,5,5,6,6,7,5,4,5,5,5,皆可,中置馬達,4,4,4,3,3,暫無,外觀設計更年輕化,建議加強防盜與定位功能
2026/01/30 20:22:09,2.女,2.31-40歲,3.僅體驗過,1.日常休閒,2.每週2-3次,3混合路況,2.6-15公里,6,4,6,5,5,3,5,4,5,4,6,6,6,3,5,6,6,6,5,5,3,4,4,5,4,7,4,5,5,3,4,5,5,5,7,5,5,5,7,皆可,皆可,3,4,4,3,3,暫無,降低車重，推行更方便,若能提供更多配件選配會更好
2026/01/31 01:11:37,3.其他/不方便透露,3.41-50歲,3.僅體驗過,3.通勤代步,1.每週1次(含)以下,1.平路為主,4.31公里以上,6,6,5,5,4,6,6,5,6,4,5,4,5,6,4,6,6,5,5,7,6,4,6,6,4,6,5,3,7,4,4,6,5,6,4,5,6,5,5,皆可,皆可,4,4,4,4,3,暫無,售後維修據點更普及,希望後續維修保養流程更簡單
2026/01/29 22:00:17,1.男,4.51-60歲,4.未曾使用過,3.通勤代步,1.每週1次(含)以下,2.上下坡為主,2.6-15公里,5,5,6,5,3,6,5,5,5,7,6,5,5,3,5,5,5,6,7,5,4,5,5,4,5,5,5,7,5,3,4,5,5,6,4,3,3,5,7,彎把(公路車),皆可,,,,,,目前沒有購買需求,想先了解續航與安全性,希望後續維修保養流程更簡單
2026/02/12 12:14:51,2.女,4.51-60歲,2.曾使用過,3.通勤代步,1.每週1次(含)以下,1.平路為主,4.31公里以上,5,7,4,5,5,5,7,6,7,7,4,6,7,6,6,5,6,6,6,7,5,6,5,6,9,5,5,4,5,6,4,4,5,6,4,4,5,6,5,平把(登山車),中置馬達,4,5,5,5,3,目前沒有,售後維修據點更普及,可增加試乘體驗與租借服務
2026/01/06 07:47:28,1.男,4.51-60歲,3.僅體驗過,"3.通勤代步, 4.假日旅遊",3.每週4次(含)以上,3混合路況,2.6-15公里,5,6,6,6,6,5,6,5,5,6,7,7,5,4,6,5,5,4,7,5,6,6,4,6,7,6,4,3,5,5,6,5,5,4,6,5,4,4,5,平把(登山車),中置馬達,4,4,5,4,5,暫無,變速與助力切換更平順,希望後續維修保養流程更簡單
2026/01/18 19:01:13,1.男,1.30歲以下,3.僅體驗過,"2.運動健身, 3.通勤代步",1.每週1次(含)以下,3混合路況,1.5公里以下,4,5,5,4,4,4,5,4,5,6,5,5,4,3,5,5,5,6,5,6,6,3,5,4,7,6,4,5,4,5,5,6,7,4,3,5,5,5,6,平把(登山車),皆可,3,4,4,4,4,目前沒有,降低車重，推行更方便,無
2026/01/11 14:14:09,1.男,3.41-50歲,2.曾使用過,1.日常休閒,1.每週1次(含)以下,1.平路為主,4.31公里以上,6,5,6,5,5,4,4,6,7,6,6,6,5,7,4,5,6,5,6,4,5,6,3,5,6,4,5,5,5,5,5,4,6,6,4,5,5,5,4,平把(登山車),中置馬達,4,4,5,3,3,無,坐墊舒適度與避震表現提升,希望後續維修保養流程更簡單
2026/01/07 14:34:48,2.女,3.41-50歲,2.曾使用過,1.日常休閒,1.每週1次(含)以下,1.平路為主,2.6-15公里,4,5,3,5,6,7,7,5,4,5,6,5,7,6,6,5,4,6,6,6,7,5,5,6,6,5,7,4,7,5,5,5,6,6,7,6,4,5,5,平把(登山車),輪轂馬達(前/後輪),4,4,4,4,4,無,售後維修據點更普及,建議加強防盜與定位功能
2026/01/02 05:16:24,1.男,5.61歲以上,2.曾使用過,"1.日常休閒, 3.通勤代步, 4.假日旅遊",2.每週2-3次,1.平路為主,3.16-30公里,5,4,5,6,5,5,6,4,5,6,5,6,6,5,6,7,5,5,7,5,7,5,4,6,7,4,6,6,6,5,5,6,7,5,6,4,4,5,4,平把(登山車),中置馬達,5,4,5,5,4,暫無,降低車重，推行更方便,希望展示剩餘里程更準確
2026/01/27 21:43:37,2.女,4.51-60歲,1.目前使用中,2.運動健身,1.每週1次(含)以下,3混合路況,3.16-30公里,6,5,6,5,5,6,6,7,6,6,5,7,6,6,5,6,6,7,6,7,5,5,7,5,6,5,4,5,6,5,6,6,4,7,5,4,3,4,5,皆可,中置馬達,3,4,5,3,4,無,充電時間再縮短,建議推出不同身高對應車架尺寸
2026/01/20 01:38:20,1.男,3.41-50歲,1.目前使用中,1.日常休閒,4.幾乎每天,1.平路為主,3.16-30公里,6,5,7,5,6,6,5,4,5,7,5,5,5,4,6,5,6,7,7,6,5,6,3,6,6,3,3,5,5,3,5,4,7,7,6,4,5,4,3,平把(登山車),中置馬達,2,4,4,4,3,無,變速與助力切換更平順,希望保固內容更透明
2026/02/22 23:49:28,1.男,2.31-40歲,2.曾使用過,2.運動健身,2.每週2-3次,3混合路況,1.5公里以下,6,5,6,6,5,6,4,6,4,5,6,6,4,6,6,6,7,6,6,6,5,6,4,5,5,6,5,5,4,6,5,5,4,2,5,7,7,5,4,彎把(公路車),不確定/不了解,5,3,5,4,3,無,售後維修據點更普及,可增加試乘體驗與租借服務
2026/01/10 17:28:22,1.男,2.31-40歲,2.曾使用過,"2.運動健身, 4.假日旅遊",3.每週4次(含)以上,2.上下坡為主,4.31公里以上,4,5,7,4,5,7,5,5,6,7,5,6,6,4,6,6,6,4,7,3,6,6,5,4,5,5,6,5,6,5,5,5,4,4,6,3,5,4,5,平把(登山車),皆可,2,3,5,5,4,暫無,續航力再提升,希望政府有更多推廣與補助措施
2026/01/02 04:09:22,2.女,3.41-50歲,1.目前使用中,4.假日旅遊,1.每週1次(含)以下,3混合路況,1.5公里以下,5,5,6,6,6,5,7,6,5,6,7,6,7,6,5,6,6,6,6,5,5,6,6,5,5,6,5,5,4,7,3,4,4,6,5,6,6,4,6,皆可,輪轂馬達(前/後輪),4,3,4,3,4,暫無,充電時間再縮短,可增加試乘體驗與租借服務
2026/01/24 10:02:59,1.男,2.31-40歲,1.目前使用中,"2.運動健身, 3.通勤代步",3.每週4次(含)以上,1.平路為主,3.16-30公里,6,6,6,6,5,6,5,4,6,6,6,4,5,6,6,6,7,5,6,7,4,6,4,6,4,6,6,6,5,4,4,5,7,7,5,6,7,5,5,不確定/不了解,皆可,5,3,5,3,5,無,變速與助力切換更平順,希望政府有更多推廣與補助措施
2026/02/08 23:21:39,1.男,4.51-60歲,3.僅體驗過,4.假日旅遊,2.每週2-3次,1.平路為主,1.5公里以下,6,7,5,6,7,6,5,7,5,5,5,6,4,3,6,6,7,5,5,6,3,4,4,5,3,5,4,4,6,5,6,5,5,6,4,3,6,5,6,平把(登山車),皆可,4,4,4,4,2,車身偏重、搬運不便,煞車與燈光安全配備再加強,希望後續維修保養流程更簡單
2026/02/15 03:24:07,1.男,4.51-60歲,1.目前使用中,4.假日旅遊,1.每週1次(含)以下,2.上下坡為主,3.16-30公里,6,5,7,5,6,5,5,4,6,6,5,7,5,7,5,6,5,6,6,5,6,7,6,4,7,6,5,6,5,6,3,5,6,6,6,5,6,5,6,平把(登山車),輪轂馬達(前/後輪),5,4,4,4,5,無,變速與助力切換更平順,希望政府有更多推廣與補助措施
2026/01/24 05:18:49,1.男,4.51-60歲,1.目前使用中,1.日常休閒,1.每週1次(含)以下,1.平路為主,1.5公里以下,5,7,6,7,6,6,5,6,6,6,7,6,7,7,4,4,7,6,6,7,7,4,5,6,6,5,6,5,5,7,5,4,5,5,4,5,6,6,7,皆可,中置馬達,4,4,4,5,4,無,充電時間再縮短,建議加強防盜與定位功能
2026/01/29 15:11:28,2.女,3.41-50歲,1.目前使用中,"1.日常休閒, 5.其他：社區短程移動",2.每週2-3次,3混合路況,2.6-15公里,7,6,6,5,5,4,5,4,6,5,5,7,6,7,6,5,6,6,5,5,5,6,6,5,7,6,5,4,3,6,4,5,7,7,7,6,5,6,4,皆可,中置馬達,4,4,5,3,3,暫無,價格更親民一些,建議加強防盜與定位功能
2026/02/20 18:38:39,1.男,4.51-60歲,1.目前使用中,3.通勤代步,1.每週1次(含)以下,3混合路況,2.6-15公里,6,6,6,4,7,7,7,6,6,5,7,5,5,6,7,7,7,5,5,6,7,7,4,6,6,5,6,6,6,6,6,6,7,7,7,5,5,7,5,平把(登山車),中置馬達,4,4,5,4,3,目前沒有,續航力再提升,希望後續維修保養流程更簡單
2026/02/03 23:29:49,1.男,4.51-60歲,2.曾使用過,1.日常休閒,1.每週1次(含)以下,1.平路為主,4.31公里以上,4,4,5,5,4,6,6,6,5,7,5,5,6,7,4,7,7,6,7,5,4,6,4,5,5,4,5,4,4,6,7,3,6,7,6,6,0,5,6,彎把(公路車),皆可,4,3,4,3,4,無,售後維修據點更普及,希望保固內容更透明
2026/02/17 05:49:38,2.女,5.61歲以上,1.目前使用中,3.通勤代步,1.每週1次(含)以下,1.平路為主,1.5公里以下,5,6,4,7,5,3,7,6,6,5,6,6,4,6,5,7,7,7,7,6,7,5,6,7,4,5,6,7,5,7,5,4,5,4,7,6,4,4,5,皆可,中置馬達,5,4,4,5,4,無,續航力再提升,建議推出不同身高對應車架尺寸
2026/02/25 20:18:40,1.男,4.51-60歲,2.曾使用過,1.日常休閒,1.每週1次(含)以下,1.平路為主,1.5公里以下,7,7,5,7,5,6,3,5,5,6,7,6,5,5,5,7,5,7,5,6,7,7,5,7,6,5,5,6,4,5,5,5,7,4,5,4,5,7,4,平把(登山車),不確定/不了解,3,4,4,5,4,目前沒有,坐墊舒適度與避震表現提升,希望後續維修保養流程更簡單
2026/01/25 02:03:28,2.女,3.41-50歲,3.僅體驗過,"1.日常休閒, 2.運動健身",1.每週1次(含)以下,3混合路況,3.16-30公里,3,5,6,4,4,5,5,6,5,6,4,5,5,5,5,6,7,6,7,5,5,6,4,4,4,5,4,5,7,3,4,4,4,4,5,5,3,5,4,皆可,皆可,4,3,4,2,4,目前沒有,續航力再提升,希望後續維修保養流程更簡單
2026/02/14 15:31:50,2.女,4.51-60歲,2.曾使用過,2.運動健身,1.每週1次(含)以下,3混合路況,3.16-30公里,5,6,3,6,4,6,6,6,6,7,4,6,6,7,7,6,7,6,6,5,4,4,4,5,5,4,5,5,5,6,4,5,6,5,5,6,5,4,7,彎把(公路車),皆可,4,4,4,5,4,目前沒有,價格更親民一些,希望展示剩餘里程更準確
2026/01/16 19:16:05,1.男,1.30歲以下,4.未曾使用過,1.日常休閒,1.每週1次(含)以下,3混合路況,4.31公里以上,6,5,5,6,4,6,6,6,5,5,6,5,7,5,5,6,6,5,3,5,5,4,5,5,4,4,4,4,5,4,4,6,5,5,4,4,5,5,5,平把(登山車),中置馬達,,,,,,還在觀望價格與實際效益,價格與售後服務資訊更清楚,希望展示剩餘里程更準確
2026/01/31 08:20:29,1.男,3.41-50歲,3.僅體驗過,5.其他：社區短程移動,2.每週2-3次,1.平路為主,1.5公里以下,6,5,6,6,6,4,4,6,7,5,4,5,6,5,5,5,6,5,5,5,5,4,5,6,4,5,4,5,5,4,5,3,7,4,5,7,6,6,3,皆可,皆可,4,3,5,3,4,無,售後維修據點更普及,可增加試乘體驗與租借服務
2026/01/01 21:02:08,2.女,4.51-60歲,2.曾使用過,3.通勤代步,1.每週1次(含)以下,1.平路為主,2.6-15公里,5,4,6,4,5,6,6,5,6,7,7,6,3,6,6,6,5,4,5,5,5,5,5,5,6,5,5,6,7,5,5,6,5,4,6,7,5,6,5,平把(登山車),輪轂馬達(前/後輪),4,4,4,5,4,暫無,降低車重，推行更方便,若能提供更多配件選配會更好
2026/01/09 04:39:00,2.女,2.31-40歲,1.目前使用中,"1.日常休閒, 3.通勤代步",1.每週1次(含)以下,3混合路況,1.5公里以下,5,5,7,4,5,9,6,6,7,6,7,7,6,4,6,6,7,6,5,7,6,6,4,4,6,5,6,5,7,7,3,5,7,7,5,4,4,4,7,彎把(公路車),中置馬達,3,4,4,3,4,無,外觀設計更年輕化,希望後續維修保養流程更簡單
2026/02/03 15:04:16,2.女,4.51-60歲,3.僅體驗過,"3.通勤代步, 4.假日旅遊",1.每週1次(含)以下,3混合路況,3.16-30公里,4,5,6,6,5,5,4,4,6,5,6,5,6,5,7,5,7,5,6,7,6,7,4,5,5,5,6,6,4,6,4,6,4,6,5,4,3,6,5,皆可,皆可,4,2,4,4,3,目前沒有,煞車與燈光安全配備再加強,希望保固內容更透明
2026/01/13 01:25:19,1.男,3.41-50歲,2.曾使用過,3.通勤代步,3.每週4次(含)以上,3混合路況,1.5公里以下,6,5,5,6,6,5,4,6,5,5,4,5,5,4,6,7,5,7,4,4,7,6,6,5,5,7,5,3,3,5,5,6,5,6,6,3,6,5,5,皆可,輪轂馬達(前/後輪),3,4,5,4,5,目前沒有,坐墊舒適度與避震表現提升,建議推出不同身高對應車架尺寸
2026/01/28 15:15:35,1.男,4.51-60歲,2.曾使用過,"1.日常休閒, 2.運動健身",4.幾乎每天,3混合路況,4.31公里以上,7,5,4,6,7,9,5,4,5,7,7,4,5,5,6,6,4,6,5,7,7,6,4,5,5,4,5,7,7,6,5,6,6,6,5,6,6,4,5,平把(登山車),中置馬達,5,4,4,4,3,目前沒有,充電時間再縮短,建議推出不同身高對應車架尺寸
2026/01/03 02:06:04,1.男,2.31-40歲,4.未曾使用過,2.運動健身,1.每週1次(含)以下,1.平路為主,1.5公里以下,6,5,6,4,5,6,5,5,6,6,5,5,6,6,4,5,3,4,4,6,5,3,4,5,4,6,4,4,6,5,5,4,5,5,6,5,4,5,3,平把(登山車),輪轂馬達(前/後輪),,,,,,尚未實際使用，暫時無法判斷,價格與售後服務資訊更清楚,建議推出不同身高對應車架尺寸
2026/01/05 14:42:02,1.男,4.51-60歲,2.曾使用過,"1.日常休閒, 3.通勤代步",2.每週2-3次,3混合路況,1.5公里以下,4,7,5,4,5,7,5,6,4,7,6,7,5,6,5,7,6,6,7,3,6,5,5,6,4,4,6,5,5,5,5,6,6,5,5,7,4,4,6,平把(登山車),中置馬達,5,3,4,4,5,無,坐墊舒適度與避震表現提升,可增加試乘體驗與租借服務
2026/01/08 10:02:16,2.女,5.61歲以上,1.目前使用中,"1.日常休閒, 2.運動健身, 3.通勤代步",1.每週1次(含)以下,1.平路為主,2.6-15公里,7,6,6,5,5,6,7,7,6,5,6,7,6,6,5,6,7,5,7,7,7,7,5,6,5,7,6,7,4,5,5,4,5,7,5,6,3,6,7,皆可,皆可,5,3,5,4,5,無,煞車與燈光安全配備再加強,可增加試乘體驗與租借服務
2026/02/25 07:02:11,1.男,3.41-50歲,1.目前使用中,3.通勤代步,1.每週1次(含)以下,1.平路為主,1.5公里以下,5,5,4,5,5,6,7,7,7,7,5,6,6,7,5,6,4,6,3,5,7,5,6,3,6,4,4,6,5,4,4,6,4,7,6,7,6,6,5,平把(登山車),中置馬達,5,4,4,4,3,目前沒有,充電時間再縮短,希望政府有更多推廣與補助措施
2026/01/02 11:17:12,2.女,3.41-50歲,1.目前使用中,4.假日旅遊,4.幾乎每天,1.平路為主,1.5公里以下,7,5,6,3,4,6,6,6,6,5,7,7,6,5,7,6,5,5,5,5,6,4,5,6,6,5,4,6,5,6,6,5,7,7,6,5,6,5,6,皆可,皆可,4,4,4,4,5,暫無,電池可拆卸設計更便利,可增加試乘體驗與租借服務
2026/01/27 08:32:09,1.男,1.30歲以下,2.曾使用過,2.運動健身,1.每週1次(含)以下,3混合路況,2.6-15公里,4,4,6,4,4,3,5,6,5,6,6,5,6,6,5,6,7,6,6,5,3,5,6,6,5,5,6,5,6,6,6,6,5,5,6,4,5,7,6,平把(登山車),皆可,3,4,5,3,3,暫無,電池可拆卸設計更便利,希望展示剩餘里程更準確
2026/01/01 17:09:39,1.男,2.31-40歲,1.目前使用中,2.運動健身,1.每週1次(含)以下,1.平路為主,4.31公里以上,5,6,6,4,4,5,5,4,5,5,4,5,4,6,7,5,6,7,5,4,6,5,7,6,7,5,4,5,5,6,7,5,6,5,7,4,6,4,5,平把(登山車),不確定/不了解,4,5,4,3,5,暫無,充電時間再縮短,希望後續維修保養流程更簡單
2026/01/16 15:11:32,1.男,3.41-50歲,2.曾使用過,"1.日常休閒, 2.運動健身",2.每週2-3次,1.平路為主,2.6-15公里,5,6,5,5,5,3,6,6,4,7,5,4,6,5,5,6,5,5,7,4,6,5,7,5,6,4,4,6,4,5,5,5,5,5,5,4,5,5,6,平把(登山車),輪轂馬達(前/後輪),3,4,4,3,4,無,外觀設計更年輕化,希望保固內容更透明
2026/02/23 18:40:55,1.男,2.31-40歲,3.僅體驗過,3.通勤代步,1.每週1次(含)以下,2.上下坡為主,2.6-15公里,6,4,5,7,7,6,6,5,4,4,5,6,4,6,4,6,6,7,6,4,5,3,5,6,5,4,4,4,5,5,7,3,6,5,5,5,5,6,6,皆可,中置馬達,4,4,3,4,4,暫無,坐墊舒適度與避震表現提升,建議推出不同身高對應車架尺寸
2026/01/05 21:17:35,2.女,2.31-40歲,2.曾使用過,2.運動健身,1.每週1次(含)以下,1.平路為主,4.31公里以上,5,4,4,5,5,5,6,5,5,5,6,6,4,6,5,6,7,4,5,4,4,6,3,4,4,5,5,5,3,5,5,4,6,4,4,5,4,7,3,平把(登山車),中置馬達,5,3,4,3,3,目前沒有,煞車與燈光安全配備再加強,希望保固內容更透明
2026/02/24 16:47:22,1.男,2.31-40歲,4.未曾使用過,2.運動健身,1.每週1次(含)以下,3混合路況,2.6-15公里,3,4,4,4,7,6,6,5,4,5,4,4,4,6,4,6,6,6,5,4,5,6,5,5,4,4,4,4,5,5,5,5,5,7,5,4,5,4,4,平把(登山車),皆可,,,,,,還在觀望價格與實際效益,價格與售後服務資訊更清楚,若能提供更多配件選配會更好
2026/02/19 13:56:06,1.男,1.30歲以下,1.目前使用中,1.日常休閒,3.每週4次(含)以上,2.上下坡為主,1.5公里以下,7,5,6,5,6,6,5,6,5,5,5,7,6,5,6,5,7,6,5,6,7,5,6,5,4,5,4,4,5,6,5,3,5,3,5,5,5,4,6,皆可,中置馬達,4,5,5,4,4,無,降低車重，推行更方便,建議推出不同身高對應車架尺寸
2026/01/29 03:38:39,2.女,3.41-50歲,1.目前使用中,1.日常休閒,2.每週2-3次,2.上下坡為主,1.5公里以下,5,6,6,6,6,5,7,5,6,6,5,5,7,6,4,5,4,6,5,5,7,6,7,5,6,6,5,3,4,5,5,4,6,6,5,5,6,5,7,平把(登山車),皆可,5,4,4,4,4,目前沒有,變速與助力切換更平順,希望展示剩餘里程更準確
2026/01/03 04:25:55,2.女,4.51-60歲,3.僅體驗過,1.日常休閒,1.每週1次(含)以下,3混合路況,3.16-30公里,3,5,6,6,4,6,6,6,6,4,7,7,4,5,5,6,6,4,6,5,6,7,5,5,6,6,4,6,6,6,3,6,5,6,6,4,7,5,4,平把(登山車),中置馬達,5,5,4,5,3,目前沒有,外觀設計更年輕化,建議推出不同身高對應車架尺寸
2026/02/02 10:41:01,1.男,4.51-60歲,3.僅體驗過,2.運動健身,4.幾乎每天,3混合路況,2.6-15公里,5,5,7,6,6,4,6,7,5,5,5,5,5,5,7,5,7,4,5,7,5,7,5,6,3,6,5,6,6,4,6,3,4,7,7,6,7,5,4,皆可,不確定/不了解,2,3,3,3,3,目前沒有,售後維修據點更普及,建議推出不同身高對應車架尺寸
2026/02/21 17:27:11,1.男,3.41-50歲,2.曾使用過,"1.日常休閒, 2.運動健身",4.幾乎每天,3混合路況,2.6-15公里,6,5,7,6,6,7,7,3,4,5,5,6,5,5,7,5,5,7,4,3,5,4,4,5,4,6,5,4,7,5,4,5,4,6,7,5,5,5,6,皆可,中置馬達,3,4,4,2,4,無,煞車與燈光安全配備再加強,希望保固內容更透明
2026/01/15 01:19:06,1.男,1.30歲以下,2.曾使用過,5.其他：接送家人,1.每週1次(含)以下,3混合路況,3.16-30公里,4,4,5,7,4,6,7,5,5,6,5,5,6,5,5,5,6,5,6,4,7,6,5,5,4,6,5,5,5,6,6,5,4,3,5,4,6,5,4,皆可,輪轂馬達(前/後輪),3,4,4,4,5,目前沒有,充電時間再縮短,建議推出不同身高對應車架尺寸
2026/01/24 17:37:44,1.男,5.61歲以上,2.曾使用過,1.日常休閒,2.每週2-3次,3混合路況,2.6-15公里,5,5,4,6,5,5,5,7,6,4,5,5,6,6,5,7,6,7,4,6,7,4,7,6,5,6,6,5,6,5,5,4,6,6,6,7,5,3,4,平把(登山車),中置馬達,4,5,4,5,4,暫無,售後維修據點更普及,建議推出不同身高對應車架尺寸
2026/02/19 21:06:23,2.女,4.51-60歲,2.曾使用過,2.運動健身,2.每週2-3次,1.平路為主,3.16-30公里,4,5,5,4,5,6,5,5,4,6,5,5,4,5,5,7,7,6,6,7,7,6,4,6,3,5,5,5,5,4,5,4,6,5,3,7,5,6,3,不確定/不了解,輪轂馬達(前/後輪),4,4,5,5,4,暫無,變速與助力切換更平順,建議推出不同身高對應車架尺寸
2026/02/18 23:09:50,1.男,2.31-40歲,4.未曾使用過,2.運動健身,1.每週1次(含)以下,1.平路為主,2.6-15公里,4,3,5,3,5,5,5,7,4,5,5,7,5,4,5,3,5,6,4,5,4,6,5,5,4,4,6,7,5,4,5,3,4,5,5,5,5,5,2,不確定/不了解,皆可,,,,,,還在觀望價格與實際效益,無,希望保固內容更透明
2026/01/07 10:49:41,2.女,5.61歲以上,1.目前使用中,"2.運動健身, 3.通勤代步",1.每週1次(含)以下,1.平路為主,3.16-30公里,6,5,5,5,7,7,6,6,6,7,6,6,6,6,5,6,7,5,7,6,6,6,5,5,2,6,6,6,4,5,5,5,6,7,4,7,4,6,4,平把(登山車),中置馬達,2,3,4,5,5,無,變速與助力切換更平順,建議推出不同身高對應車架尺寸
2026/01/08 12:22:10,1.男,2.31-40歲,1.目前使用中,2.運動健身,1.每週1次(含)以下,2.上下坡為主,1.5公里以下,5,5,7,6,6,7,6,6,5,6,5,5,7,5,5,6,6,7,6,6,6,6,5,6,5,6,6,6,6,5,5,6,7,6,7,5,4,5,6,平把(登山車),不確定/不了解,5,4,4,4,3,無,外觀設計更年輕化,希望保固內容更透明
2026/01/16 10:31:18,3.其他/不方便透露,4.51-60歲,1.目前使用中,"1.日常休閒, 2.運動健身, 3.通勤代步",1.每週1次(含)以下,3混合路況,2.6-15公里,5,7,5,7,5,6,6,6,5,4,6,5,7,5,5,6,7,5,5,6,4,7,4,4,7,6,3,7,4,4,6,4,7,6,7,5,5,4,5,平把(登山車),中置馬達,5,4,5,4,4,暫無,充電時間再縮短,希望保固內容更透明
2026/01/09 20:53:20,1.男,3.41-50歲,2.曾使用過,1.日常休閒,2.每週2-3次,1.平路為主,2.6-15公里,4,6,6,4,6,4,4,5,5,4,4,7,4,6,7,5,5,7,6,6,5,5,5,5,6,6,5,4,4,6,5,6,4,5,5,6,5,5,4,平把(登山車),中置馬達,3,5,5,4,4,目前沒有,降低車重，推行更方便,希望保固內容更透明
2026/01/21 02:52:18,2.女,2.31-40歲,2.曾使用過,"2.運動健身, 4.假日旅遊",1.每週1次(含)以下,1.平路為主,3.16-30公里,6,5,5,5,6,5,5,5,5,6,6,6,5,5,7,6,5,5,5,5,6,4,4,7,6,5,6,5,4,5,3,4,5,4,3,5,6,5,5,平把(登山車),中置馬達,3,4,5,3,5,無,充電時間再縮短,若能提供更多配件選配會更好
2026/01/28 23:03:43,1.男,2.31-40歲,2.曾使用過,"1.日常休閒, 2.運動健身, 4.假日旅遊, 5.其他：接送家人",4.幾乎每天,2.上下坡為主,4.31公里以上,6,5,6,6,5,4,6,6,7,5,6,5,6,5,6,6,6,6,5,7,5,6,7,7,6,5,5,4,6,6,4,5,4,5,5,4,5,5,4,皆可,中置馬達,3,4,5,3,4,目前沒有,外觀設計更年輕化,希望政府有更多推廣與補助措施
2026/01/02 18:23:48,1.男,1.30歲以下,2.曾使用過,4.假日旅遊,1.每週1次(含)以下,2.上下坡為主,2.6-15公里,4,4,6,5,5,6,5,5,5,6,4,6,6,6,7,4,6,7,5,5,7,5,4,7,3,5,6,6,5,4,5,5,5,5,6,4,6,4,4,平把(登山車),中置馬達,5,3,4,3,4,暫無,電池可拆卸設計更便利,無
2026/01/26 19:23:23,2.女,5.61歲以上,2.曾使用過,4.假日旅遊,2.每週2-3次,2.上下坡為主,1.5公里以下,6,5,5,5,5,6,7,5,5,6,5,7,7,5,5,7,7,7,6,4,6,5,6,7,5,6,6,8,7,5,3,5,6,6,5,6,5,5,6,平把(登山車),中置馬達,3,4,5,4,4,無,價格更親民一些,若能提供更多配件選配會更好
2026/02/02 01:05:00,1.男,4.51-60歲,2.曾使用過,1.日常休閒,1.每週1次(含)以下,3混合路況,1.5公里以下,5,5,3,2,5,5,7,7,6,5,5,5,6,6,6,6,7,7,5,7,6,6,6,4,5,5,5,5,6,5,5,4,3,7,7,7,6,5,6,不確定/不了解,中置馬達,5,3,3,4,4,暫無,價格更親民一些,建議加強防盜與定位功能
2026/01/29 17:31:04,1.男,4.51-60歲,1.目前使用中,4.假日旅遊,1.每週1次(含)以下,1.平路為主,1.5公里以下,7,7,5,5,6,7,5,7,7,6,7,5,6,7,5,6,6,6,6,6,4,6,7,5,5,7,4,6,7,7,5,6,4,5,5,6,5,5,4,不確定/不了解,中置馬達,4,3,5,4,4,目前沒有,變速與助力切換更平順,建議加強防盜與定位功能
2026/01/19 23:39:43,1.男,4.51-60歲,2.曾使用過,"1.日常休閒, 2.運動健身, 3.通勤代步",2.每週2-3次,3混合路況,2.6-15公里,4,5,6,5,5,5,6,5,5,6,5,5,6,5,6,4,7,6,5,6,7,4,7,6,4,6,7,6,6,6,4,5,5,6,4,5,6,4,5,皆可,中置馬達,2,2,5,4,4,目前沒有,外觀設計更年輕化,希望後續維修保養流程更簡單
2026/01/27 02:54:41,2.女,3.41-50歲,2.曾使用過,"1.日常休閒, 2.運動健身, 3.通勤代步",1.每週1次(含)以下,3混合路況,3.16-30公里,5,6,6,6,5,6,6,7,6,6,5,5,6,6,6,6,5,6,6,6,4,4,5,6,5,3,3,4,6,4,5,4,5,6,6,5,5,5,5,平把(登山車),中置馬達,3,5,4,4,4,目前沒有,續航力再提升,希望保固內容更透明
2026/01/13 00:56:23,1.男,4.51-60歲,2.曾使用過,3.通勤代步,4.幾乎每天,3混合路況,1.5公里以下,4,3,5,6,6,7,6,6,5,6,6,4,4,6,7,6,4,6,4,6,7,6,6,7,6,4,5,5,6,5,6,6,5,5,5,6,7,5,6,皆可,輪轂馬達(前/後輪),4,4,4,4,4,目前沒有,外觀設計更年輕化,希望後續維修保養流程更簡單
2026/01/26 17:21:55,2.女,4.51-60歲,2.曾使用過,3.通勤代步,1.每週1次(含)以下,1.平路為主,2.6-15公里,5,6,4,7,4,6,5,4,5,5,7,7,6,4,6,6,7,5,7,6,6,4,4,5,5,5,5,6,6,3,6,6,6,5,4,5,6,5,5,皆可,不確定/不了解,4,3,5,4,5,無,煞車與燈光安全配備再加強,希望保固內容更透明
2026/02/10 23:07:29,2.女,3.41-50歲,2.曾使用過,"1.日常休閒, 4.假日旅遊",2.每週2-3次,1.平路為主,1.5公里以下,5,4,5,4,5,6,6,7,6,6,5,3,4,5,5,5,4,6,6,5,4,4,6,5,5,6,5,3,5,5,6,3,7,4,5,5,5,5,5,彎把(公路車),不確定/不了解,3,4,5,4,3,目前沒有,降低車重，推行更方便,建議推出不同身高對應車架尺寸
2026/02/10 11:06:47,2.女,1.30歲以下,4.未曾使用過,1.日常休閒,1.每週1次(含)以下,3混合路況,1.5公里以下,5,5,4,6,7,4,4,6,6,4,3,6,5,5,6,6,4,6,5,6,7,7,6,5,5,5,3,5,3,4,3,5,5,5,5,5,5,4,4,不確定/不了解,輪轂馬達(前/後輪),,,,,,目前沒有購買需求,想先了解續航與安全性,無
2026/02/18 22:38:42,1.男,4.51-60歲,2.曾使用過,1.日常休閒,1.每週1次(含)以下,3混合路況,4.31公里以上,4,5,4,7,6,7,5,5,5,5,5,5,5,5,7,6,5,6,5,5,5,7,6,4,5,6,6,5,5,4,6,6,6,6,6,5,5,5,4,平把(登山車),中置馬達,4,4,5,4,3,目前沒有,變速與助力切換更平順,希望後續維修保養流程更簡單
2026/01/19 17:19:05,2.女,4.51-60歲,2.曾使用過,2.運動健身,1.每週1次(含)以下,2.上下坡為主,1.5公里以下,7,5,6,7,5,6,4,5,4,7,4,5,4,7,4,3,6,5,4,6,5,4,5,5,4,4,6,2,5,6,4,5,4,5,4,5,6,6,5,平把(登山車),中置馬達,4,4,3,4,4,無,電池可拆卸設計更便利,希望後續維修保養流程更簡單
2026/02/18 19:27:08,2.女,4.51-60歲,2.曾使用過,4.假日旅遊,3.每週4次(含)以上,1.平路為主,4.31公里以上,4,5,5,4,6,3,6,5,5,7,4,6,6,6,5,6,3,6,6,6,6,4,3,6,4,6,3,5,6,5,5,4,6,5,6,5,6,6,5,平把(登山車),不確定/不了解,4,4,5,5,4,目前沒有,電池可拆卸設計更便利,希望保固內容更透明
2026/01/13 14:21:32,1.男,1.30歲以下,2.曾使用過,"1.日常休閒, 4.假日旅遊",1.每週1次(含)以下,1.平路為主,3.16-30公里,7,5,4,4,4,6,6,5,5,6,4,6,5,6,5,7,5,5,7,4,3,5,6,5,5,5,4,5,3,3,6,4,4,5,6,5,5,5,5,平把(登山車),輪轂馬達(前/後輪),3,5,5,4,3,暫無,變速與助力切換更平順,無
2026/01/20 23:47:01,2.女,2.31-40歲,2.曾使用過,"1.日常休閒, 2.運動健身",1.每週1次(含)以下,2.上下坡為主,1.5公里以下,6,5,6,6,4,5,5,5,6,5,7,5,6,5,4,6,6,5,6,5,6,5,5,4,4,5,6,5,4,5,4,6,5,4,5,5,5,7,5,平把(登山車),皆可,3,5,4,4,4,暫無,外觀設計更年輕化,希望後續維修保養流程更簡單
2026/02/08 00:03:30,1.男,1.30歲以下,1.目前使用中,2.運動健身,4.幾乎每天,1.平路為主,3.16-30公里,7,7,7,7,5,6,5,5,7,7,6,7,4,6,7,7,5,6,5,6,5,5,6,3,6,6,5,5,4,5,6,5,6,5,4,4,4,5,5,平把(登山車),皆可,3,5,3,5,4,目前沒有,變速與助力切換更平順,希望展示剩餘里程更準確
2026/01/02 00:20:28,2.女,3.41-50歲,1.目前使用中,2.運動健身,1.每週1次(含)以下,3混合路況,1.5公里以下,6,7,4,6,6,7,5,5,5,5,5,5,6,5,7,5,7,6,6,5,5,5,6,6,5,4,7,6,4,5,3,4,5,5,6,6,4,5,7,彎把(公路車),皆可,4,4,5,3,4,目前沒有,價格更親民一些,建議加強防盜與定位功能
2026/02/07 09:15:40,1.男,2.31-40歲,2.曾使用過,2.運動健身,3.每週4次(含)以上,1.平路為主,3.16-30公里,5,5,4,6,4,4,7,6,5,5,5,5,3,5,7,5,4,5,6,6,6,5,6,6,4,5,5,6,4,5,5,5,6,6,4,6,2,4,4,平把(登山車),輪轂馬達(前/後輪),4,3,5,4,4,目前沒有,充電時間再縮短,希望後續維修保養流程更簡單
2026/01/11 01:52:54,2.女,5.61歲以上,2.曾使用過,2.運動健身,3.每週4次(含)以上,3混合路況,2.6-15公里,5,6,5,4,5,5,4,6,5,5,6,7,6,5,6,6,5,5,7,4,6,5,4,5,6,4,6,7,7,6,6,6,6,5,5,4,3,3,4,皆可,皆可,5,3,5,3,3,暫無,變速與助力切換更平順,可增加試乘體驗與租借服務
2026/02/05 22:36:24,1.男,3.41-50歲,3.僅體驗過,2.運動健身,1.每週1次(含)以下,3混合路況,1.5公里以下,5,4,5,5,7,4,5,7,6,5,6,3,4,3,6,6,5,4,6,4,4,4,4,2,4,4,5,6,5,4,5,5,6,6,6,5,4,4,4,皆可,皆可,2,4,4,4,3,暫無,降低車重，推行更方便,希望政府有更多推廣與補助措施
2026/01/06 10:06:23,2.女,4.51-60歲,2.曾使用過,"1.日常休閒, 3.通勤代步",1.每週1次(含)以下,3混合路況,2.6-15公里,5,6,6,6,4,8,6,6,6,3,5,5,6,7,6,6,5,6,5,5,6,5,6,5,6,6,5,5,4,5,4,5,5,6,7,6,4,5,6,皆可,輪轂馬達(前/後輪),4,5,5,4,3,無,外觀設計更年輕化,希望政府有更多推廣與補助措施
2026/01/23 12:26:17,2.女,4.51-60歲,2.曾使用過,2.運動健身,3.每週4次(含)以上,1.平路為主,3.16-30公里,4,6,5,6,6,6,5,5,7,6,7,6,6,7,6,6,6,6,6,6,5,7,7,6,5,5,6,4,4,6,7,6,5,7,5,6,4,5,5,彎把(公路車),皆可,3,5,5,3,5,暫無,價格更親民一些,希望政府有更多推廣與補助措施
2026/01/29 08:04:45,2.女,4.51-60歲,3.僅體驗過,1.日常休閒,1.每週1次(含)以下,3混合路況,3.16-30公里,4,6,3,7,5,5,7,6,5,5,6,4,6,7,7,5,6,6,6,5,6,6,4,6,6,5,6,4,5,5,5,5,4,5,7,5,6,7,6,皆可,中置馬達,5,3,5,4,4,目前沒有,電池可拆卸設計更便利,可增加試乘體驗與租借服務
2026/01/03 18:53:54,1.男,4.51-60歲,2.曾使用過,4.假日旅遊,3.每週4次(含)以上,2.上下坡為主,1.5公里以下,7,4,7,6,5,4,4,5,5,5,7,7,5,6,5,6,7,7,5,7,5,5,6,4,7,6,4,4,7,5,6,6,5,5,6,6,3,5,5,彎把(公路車),輪轂馬達(前/後輪),3,4,4,4,4,暫無,續航力再提升,可增加試乘體驗與租借服務
2026/02/19 06:48:13,1.男,3.41-50歲,1.目前使用中,"1.日常休閒, 3.通勤代步",1.每週1次(含)以下,1.平路為主,2.6-15公里,6,5,5,4,6,4,6,6,5,5,6,5,7,6,7,4,7,7,7,6,5,6,5,6,5,6,4,7,5,6,4,5,5,5,6,6,3,5,4,皆可,皆可,4,4,5,2,3,目前沒有,充電時間再縮短,希望展示剩餘里程更準確
2026/01/07 04:02:42,2.女,3.41-50歲,3.僅體驗過,1.日常休閒,3.每週4次(含)以上,3混合路況,1.5公里以下,6,4,4,6,5,6,7,5,6,5,5,6,5,6,5,4,5,5,4,5,5,5,5,5,5,5,5,6,5,5,5,4,3,4,4,7,5,3,5,平把(登山車),輪轂馬達(前/後輪),3,3,4,3,4,目前沒有,價格更親民一些,希望展示剩餘里程更準確
2026/01/20 23:10:36,1.男,2.31-40歲,2.曾使用過,"1.日常休閒, 4.假日旅遊",1.每週1次(含)以下,3混合路況,3.16-30公里,3,5,6,6,5,5,5,6,6,4,5,4,4,6,6,7,4,6,4,6,4,5,6,6,4,4,4,6,4,6,6,6,4,4,4,5,6,3,3,平把(登山車),皆可,4,4,4,4,4,無,價格更親民一些,希望政府有更多推廣與補助措施
2026/02/02 09:10:04,2.女,2.31-40歲,1.目前使用中,2.運動健身,1.每週1次(含)以下,3混合路況,3.16-30公里,4,6,6,7,5,5,5,6,7,6,7,6,7,5,5,6,7,4,7,6,6,7,5,5,3,5,4,4,5,5,7,4,3,4,4,6,6,6,4,平把(登山車),中置馬達,4,4,4,4,4,無,充電時間再縮短,希望政府有更多推廣與補助措施
2026/02/19 08:22:27,1.男,4.51-60歲,1.目前使用中,3.通勤代步,1.每週1次(含)以下,1.平路為主,2.6-15公里,6,7,6,4,6,4,6,6,6,6,6,7,6,5,4,5,6,6,7,6,7,7,4,5,6,5,6,6,6,5,5,6,5,6,7,5,5,5,6,皆可,輪轂馬達(前/後輪),3,5,4,4,4,目前沒有,續航力再提升,建議推出不同身高對應車架尺寸
2026/01/19 12:29:17,2.女,4.51-60歲,2.曾使用過,3.通勤代步,2.每週2-3次,1.平路為主,4.31公里以上,6,4,6,6,5,7,5,6,5,6,6,6,4,4,6,5,5,6,6,6,7,7,4,6,5,4,4,6,5,5,4,7,6,5,5,6,4,6,5,平把(登山車),皆可,5,4,4,4,5,暫無,價格更親民一些,希望展示剩餘里程更準確
2026/01/23 15:36:19,2.女,4.51-60歲,3.僅體驗過,"1.日常休閒, 2.運動健身, 5.其他：接送家人",1.每週1次(含)以下,1.平路為主,2.6-15公里,5,6,3,4,5,5,5,3,6,5,6,5,6,5,6,5,4,6,6,7,5,5,7,6,5,5,6,4,4,3,3,3,6,5,6,3,7,5,4,平把(登山車),中置馬達,3,2,5,4,3,無,電池可拆卸設計更便利,建議推出不同身高對應車架尺寸
2026/01/25 12:39:17,1.男,4.51-60歲,2.曾使用過,1.日常休閒,1.每週1次(含)以下,3混合路況,2.6-15公里,5,6,6,4,6,6,4,5,5,4,5,7,4,7,7,6,5,6,5,4,6,7,6,6,5,4,5,3,6,6,4,5,4,5,4,5,4,6,5,皆可,不確定/不了解,4,3,4,5,4,目前沒有,續航力再提升,可增加試乘體驗與租借服務
2026/01/16 23:03:50,1.男,4.51-60歲,2.曾使用過,2.運動健身,4.幾乎每天,1.平路為主,1.5公里以下,6,4,5,6,6,4,6,5,4,5,6,5,7,7,7,6,4,6,6,6,7,5,5,5,6,5,4,7,7,6,7,7,5,7,7,5,5,7,5,平把(登山車),中置馬達,4,5,2,5,5,目前不需要,價格更親民一些,無
2026/02/06 16:03:32,2.女,1.30歲以下,2.曾使用過,"4.假日旅遊, 5.其他：露營與戶外活動",2.每週2-3次,1.平路為主,2.6-15公里,3,6,5,7,5,5,5,6,4,6,3,5,5,6,6,6,7,5,7,6,4,6,7,5,5,6,5,6,4,4,5,4,6,6,4,6,4,4,6,平把(登山車),中置馬達,5,4,3,4,3,無,電池可拆卸設計更便利,無
2026/01/08 22:23:08,1.男,3.41-50歲,2.曾使用過,3.通勤代步,2.每週2-3次,3混合路況,3.16-30公里,2,5,5,6,6,5,5,6,5,4,5,5,4,5,5,5,6,6,5,6,5,5,4,5,5,6,7,5,5,5,5,7,6,5,3,5,7,4,5,彎把(公路車),皆可,4,4,3,5,4,目前沒有,坐墊舒適度與避震表現提升,建議推出不同身高對應車架尺寸
2026/02/14 16:10:44,1.男,4.51-60歲,2.曾使用過,4.假日旅遊,1.每週1次(含)以下,3混合路況,3.16-30公里,4,4,7,7,5,4,6,5,5,6,4,6,6,6,6,7,6,6,6,5,5,5,4,5,5,6,3,5,4,5,3,5,4,5,5,7,6,4,6,皆可,皆可,4,4,4,4,2,充電不夠方便,售後維修據點更普及,若能提供更多配件選配會更好
2026/01/02 01:45:05,2.女,5.61歲以上,2.曾使用過,"2.運動健身, 4.假日旅遊",1.每週1次(含)以下,3混合路況,2.6-15公里,5,7,6,6,7,7,5,6,7,7,6,6,6,5,6,5,6,5,7,6,4,4,6,7,5,5,5,5,5,3,5,5,5,3,5,5,5,6,5,平把(登山車),皆可,4,4,4,4,3,目前沒有,降低車重，推行更方便,希望展示剩餘里程更準確
2026/02/21 21:38:51,1.男,1.30歲以下,2.曾使用過,"1.日常休閒, 2.運動健身",1.每週1次(含)以下,1.平路為主,3.16-30公里,6,6,2,7,6,4,7,5,6,6,5,5,5,4,7,5,4,7,6,4,6,6,7,5,5,6,6,4,6,4,5,3,6,4,6,7,4,6,5,平把(登山車),中置馬達,5,5,4,3,4,目前沒有,電池可拆卸設計更便利,希望後續維修保養流程更簡單
2026/02/23 01:04:51,3.其他/不方便透露,3.41-50歲,3.僅體驗過,"2.運動健身, 3.通勤代步",2.每週2-3次,2.上下坡為主,1.5公里以下,4,5,5,7,4,5,6,4,5,6,5,6,7,6,7,4,4,6,4,3,5,5,4,4,6,5,5,4,6,4,5,5,6,6,6,6,4,5,5,皆可,中置馬達,4,3,4,4,4,無,充電時間再縮短,建議加強防盜與定位功能
2026/02/25 04:23:01,1.男,2.31-40歲,1.目前使用中,4.假日旅遊,1.每週1次(含)以下,2.上下坡為主,2.6-15公里,7,5,5,6,5,7,5,6,7,6,6,6,5,5,7,4,5,6,6,6,6,5,6,5,5,5,5,5,5,4,6,5,6,6,4,6,6,6,6,平把(登山車),中置馬達,4,3,4,4,5,暫無,變速與助力切換更平順,無
2026/01/08 13:34:49,1.男,3.41-50歲,1.目前使用中,1.日常休閒,2.每週2-3次,3混合路況,2.6-15公里,4,6,7,4,6,6,6,6,5,5,7,6,5,5,6,7,4,5,5,7,6,7,6,4,6,6,3,5,7,7,7,4,6,7,3,5,7,5,4,皆可,輪轂馬達(前/後輪),3,5,5,4,2,使用情境不固定，暫時不考慮購買,坐墊舒適度與避震表現提升,希望政府有更多推廣與補助措施
2026/01/12 09:20:26,1.男,1.30歲以下,3.僅體驗過,"1.日常休閒, 4.假日旅遊",2.每週2-3次,2.上下坡為主,3.16-30公里,4,5,6,5,4,3,6,3,5,5,6,6,5,5,6,3,6,4,5,5,6,6,6,4,5,3,5,4,6,5,4,6,5,4,4,5,5,5,4,皆可,皆可,3,5,2,5,3,對長期耐用度仍有疑慮,售後維修據點更普及,建議加強防盜與定位功能
2026/02/11 01:26:25,2.女,3.41-50歲,3.僅體驗過,1.日常休閒,1.每週1次(含)以下,3混合路況,2.6-15公里,5,6,5,7,5,6,3,6,4,4,4,6,4,6,4,6,4,4,6,4,5,6,7,6,5,6,6,4,5,4,4,5,5,4,5,5,5,5,6,平把(登山車),皆可,2,4,3,4,2,目前不需要,降低車重，推行更方便,無
2026/01/27 22:50:08,1.男,2.31-40歲,2.曾使用過,3.通勤代步,2.每週2-3次,1.平路為主,1.5公里以下,4,6,3,4,6,6,4,5,4,5,5,5,5,7,5,6,4,5,6,5,4,4,5,3,4,6,5,4,5,3,5,5,6,6,5,6,7,7,5,平把(登山車),中置馬達,4,4,3,4,4,目前沒有,坐墊舒適度與避震表現提升,希望展示剩餘里程更準確
2026/01/10 01:42:56,1.男,4.51-60歲,3.僅體驗過,3.通勤代步,1.每週1次(含)以下,3混合路況,2.6-15公里,7,5,4,5,4,5,6,5,7,3,5,5,7,4,7,5,7,4,4,7,5,7,3,5,6,5,5,3,5,4,5,4,6,6,5,5,4,5,5,彎把(公路車),中置馬達,4,3,4,3,4,無,降低車重，推行更方便,希望政府有更多推廣與補助措施
2026/01/14 06:56:17,2.女,4.51-60歲,2.曾使用過,"1.日常休閒, 2.運動健身",2.每週2-3次,1.平路為主,2.6-15公里,4,5,6,5,5,5,6,5,6,6,6,6,5,6,6,5,7,5,7,6,6,5,5,4,4,5,5,4,4,5,6,3,6,4,6,5,7,5,6,平把(登山車),中置馬達,5,3,3,5,3,目前沒有,售後維修據點更普及,無
2026/01/03 18:04:34,2.女,4.51-60歲,3.僅體驗過,2.運動健身,1.每週1次(含)以下,1.平路為主,3.16-30公里,7,5,4,5,5,5,4,4,5,6,5,5,7,5,6,5,7,7,4,5,5,5,6,4,6,6,4,5,5,4,7,4,6,5,7,6,6,4,5,平把(登山車),中置馬達,3,4,3,4,4,暫無,坐墊舒適度與避震表現提升,建議推出不同身高對應車架尺寸
2026/02/25 01:51:12,1.男,1.30歲以下,3.僅體驗過,2.運動健身,1.每週1次(含)以下,3混合路況,2.6-15公里,7,6,5,6,5,5,5,4,6,5,7,4,6,5,6,6,6,4,5,5,4,5,7,5,5,4,5,3,4,4,5,4,5,6,4,5,5,5,5,不確定/不了解,中置馬達,3,4,4,3,4,目前沒有,變速與助力切換更平順,希望後續維修保養流程更簡單
2026/02/01 04:56:24,1.男,5.61歲以上,3.僅體驗過,4.假日旅遊,1.每週1次(含)以下,3混合路況,1.5公里以下,5,4,6,4,3,6,6,6,5,5,7,5,6,6,5,5,5,6,6,4,7,6,6,6,5,5,3,6,5,4,6,5,6,4,6,6,5,4,6,不確定/不了解,皆可,5,4,4,4,3,無,充電時間再縮短,希望政府有更多推廣與補助措施
2026/02/19 16:24:13,2.女,1.30歲以下,1.目前使用中,"1.日常休閒, 2.運動健身, 4.假日旅遊",1.每週1次(含)以下,3混合路況,3.16-30公里,5,6,5,6,5,4,5,6,5,7,7,5,6,5,6,6,6,6,5,5,5,6,7,4,6,5,6,5,5,4,6,5,4,6,6,4,5,4,4,平把(登山車),中置馬達,4,3,3,4,4,暫無,變速與助力切換更平順,建議推出不同身高對應車架尺寸
2026/02/18 07:34:07,3.其他/不方便透露,3.41-50歲,3.僅體驗過,2.運動健身,1.每週1次(含)以下,3混合路況,2.6-15公里,4,5,7,4,5,4,5,7,6,5,5,5,6,6,4,4,4,6,3,5,6,4,7,5,5,6,5,4,5,4,4,3,5,5,2,6,5,4,5,不確定/不了解,皆可,5,4,2,5,4,仍偏好一般自行車,坐墊舒適度與避震表現提升,建議加強防盜與定位功能
2026/01/22 05:52:13,2.女,3.41-50歲,3.僅體驗過,2.運動健身,2.每週2-3次,3混合路況,2.6-15公里,5,6,5,5,5,7,5,6,6,6,6,4,4,6,6,4,6,6,5,6,5,6,5,6,5,6,4,5,4,4,4,4,4,5,6,5,5,4,5,不確定/不了解,中置馬達,4,3,3,4,4,無,續航力再提升,建議加強防盜與定位功能
2026/01/14 22:32:04,2.女,3.41-50歲,1.目前使用中,"1.日常休閒, 2.運動健身, 5.其他：接送家人",3.每週4次(含)以上,3混合路況,2.6-15公里,6,4,7,4,7,5,5,5,5,4,4,7,4,7,7,6,4,6,5,6,6,6,5,5,4,5,4,6,5,4,4,6,5,4,6,4,4,6,5,皆可,皆可,4,3,4,4,4,無,充電時間再縮短,希望後續維修保養流程更簡單
2026/02/03 06:57:49,1.男,4.51-60歲,1.目前使用中,"3.通勤代步, 5.其他：社區短程移動",2.每週2-3次,2.上下坡為主,2.6-15公里,4,6,5,4,6,7,6,7,7,7,7,5,5,7,5,5,6,6,7,5,7,5,6,3,5,6,7,6,5,5,5,6,7,7,6,4,5,6,5,平把(登山車),不確定/不了解,4,4,5,4,4,暫無,價格更親民一些,建議推出不同身高對應車架尺寸
2026/02/03 22:54:33,1.男,2.31-40歲,2.曾使用過,"2.運動健身, 3.通勤代步",1.每週1次(含)以下,1.平路為主,1.5公里以下,5,4,5,5,3,5,5,7,6,6,6,6,7,4,5,7,5,6,5,6,5,5,5,5,6,5,5,3,2,5,4,5,5,4,4,5,5,6,3,平把(登山車),不確定/不了解,5,3,4,4,5,暫無,坐墊舒適度與避震表現提升,建議加強防盜與定位功能
2026/01/16 05:08:43,1.男,2.31-40歲,1.目前使用中,1.日常休閒,4.幾乎每天,3混合路況,2.6-15公里,4,5,5,6,5,6,6,5,5,6,7,5,5,7,7,5,5,5,5,5,5,2,7,4,3,7,6,3,5,7,6,6,6,5,6,4,4,6,6,彎把(公路車),不確定/不了解,3,4,4,3,3,目前沒有,坐墊舒適度與避震表現提升,可增加試乘體驗與租借服務
2026/01/28 18:41:07,1.男,3.41-50歲,2.曾使用過,"1.日常休閒, 2.運動健身, 4.假日旅遊",1.每週1次(含)以下,3混合路況,4.31公里以上,4,4,7,5,6,5,5,4,5,4,5,6,5,4,5,7,5,5,5,6,5,5,5,5,5,5,7,5,6,3,4,5,3,4,6,6,5,4,5,平把(登山車),皆可,4,3,5,4,5,暫無,變速與助力切換更平順,建議加強防盜與定位功能
2026/01/10 12:39:25,1.男,4.51-60歲,2.曾使用過,2.運動健身,1.每週1次(含)以下,1.平路為主,1.5公里以下,5,7,7,5,5,7,6,5,4,6,4,6,6,7,6,5,6,4,6,5,6,5,4,6,6,7,5,5,6,5,7,5,5,7,4,5,4,3,6,平把(登山車),輪轂馬達(前/後輪),4,3,4,4,3,無,變速與助力切換更平順,希望後續維修保養流程更簡單
2026/02/02 04:45:14,2.女,2.31-40歲,3.僅體驗過,"1.日常休閒, 4.假日旅遊",2.每週2-3次,3混合路況,2.6-15公里,5,6,6,7,5,5,6,6,6,4,5,6,3,6,5,5,6,5,5,5,4,5,6,6,6,6,5,5,4,3,4,6,4,5,5,6,4,5,5,皆可,輪轂馬達(前/後輪),4,3,2,3,2,電池續航力不足,外觀設計更年輕化,希望後續維修保養流程更簡單
2026/02/23 07:53:07,2.女,4.51-60歲,1.目前使用中,2.運動健身,1.每週1次(含)以下,2.上下坡為主,4.31公里以上,6,6,7,7,6,5,6,7,5,6,6,7,5,6,7,6,5,6,7,5,6,7,5,6,6,6,6,5,6,5,6,5,6,6,5,7,6,6,5,皆可,中置馬達,5,5,3,5,3,目前沒有,降低車重，推行更方便,希望後續維修保養流程更簡單
2026/02/09 09:07:55,2.女,3.41-50歲,1.目前使用中,4.假日旅遊,1.每週1次(含)以下,1.平路為主,3.16-30公里,6,7,7,5,5,6,5,5,5,5,6,5,6,7,6,6,6,6,5,7,5,5,6,7,4,4,5,6,6,4,5,5,5,7,5,7,5,4,6,皆可,皆可,5,5,3,3,3,暫無,變速與助力切換更平順,無
2026/02/04 05:39:36,2.女,1.30歲以下,4.未曾使用過,3.通勤代步,1.每週1次(含)以下,3混合路況,4.31公里以上,6,6,4,4,7,6,5,4,7,7,4,5,5,5,6,4,6,5,7,3,4,4,5,5,3,5,7,0,4,6,4,6,4,4,4,5,6,5,4,皆可,不確定/不了解,,,,,,還在觀望價格與實際效益,想先了解續航與安全性,希望展示剩餘里程更準確
2026/01/12 08:12:19,3.其他/不方便透露,4.51-60歲,2.曾使用過,"1.日常休閒, 2.運動健身",1.每週1次(含)以下,1.平路為主,2.6-15公里,4,5,6,4,5,5,6,6,5,6,5,6,6,7,7,6,7,5,5,4,6,7,5,7,7,6,6,5,5,7,5,6,3,5,6,5,4,3,6,平把(登山車),中置馬達,4,4,5,4,3,無,充電時間再縮短,可增加試乘體驗與租借服務
2026/02/18 10:33:26,2.女,4.51-60歲,3.僅體驗過,3.通勤代步,1.每週1次(含)以下,3混合路況,2.6-15公里,4,4,7,6,6,4,4,4,7,6,3,6,7,5,5,5,6,6,7,7,4,6,5,5,6,5,7,4,6,5,5,7,3,5,5,5,4,6,5,平把(登山車),中置馬達,3,5,3,4,4,目前沒有,電池可拆卸設計更便利,希望後續維修保養流程更簡單
2026/01/16 17:17:39,2.女,3.41-50歲,3.僅體驗過,1.日常休閒,2.每週2-3次,1.平路為主,3.16-30公里,4,4,5,4,5,5,5,4,4,5,7,6,6,5,5,4,6,7,5,5,5,6,4,5,7,5,5,5,4,6,5,5,5,5,5,3,5,5,5,皆可,皆可,3,2,5,4,5,暫無,價格更親民一些,希望展示剩餘里程更準確
2026/01/22 10:21:26,1.男,1.30歲以下,2.曾使用過,"1.日常休閒, 2.運動健身, 4.假日旅遊",2.每週2-3次,2.上下坡為主,2.6-15公里,5,5,4,6,6,6,6,6,6,7,7,6,4,6,5,6,5,7,5,6,4,5,4,6,3,3,6,6,7,5,6,6,6,5,5,5,6,5,7,平把(登山車),不確定/不了解,5,4,5,5,4,暫無,充電時間再縮短,若能提供更多配件選配會更好
2026/02/24 05:52:58,2.女,2.31-40歲,2.曾使用過,3.通勤代步,3.每週4次(含)以上,3混合路況,4.31公里以上,3,6,5,5,6,4,4,5,5,4,6,5,5,6,6,7,4,4,5,5,7,6,6,4,6,6,7,5,6,5,5,5,6,6,6,6,4,4,4,不確定/不了解,不確定/不了解,4,4,5,3,5,無,變速與助力切換更平順,可增加試乘體驗與租借服務
2026/02/06 21:14:39,2.女,5.61歲以上,1.目前使用中,"2.運動健身, 4.假日旅遊",1.每週1次(含)以下,1.平路為主,3.16-30公里,7,5,5,5,6,5,6,7,6,5,5,6,7,6,7,7,5,7,6,5,7,5,6,7,6,3,6,4,7,7,5,7,7,5,6,6,6,5,6,皆可,輪轂馬達(前/後輪),5,4,3,4,2,維修據點不夠多,煞車與燈光安全配備再加強,無
2026/01/04 16:15:48,2.女,5.61歲以上,2.曾使用過,2.運動健身,2.每週2-3次,1.平路為主,3.16-30公里,6,6,5,6,7,6,4,6,6,6,5,6,6,5,6,4,7,6,6,5,4,5,6,5,5,6,9,4,6,4,5,6,7,6,5,5,6,5,4,平把(登山車),中置馬達,4,4,4,4,4,目前沒有,價格更親民一些,若能提供更多配件選配會更好
2026/01/21 16:58:37,1.男,3.41-50歲,2.曾使用過,4.假日旅遊,1.每週1次(含)以下,1.平路為主,2.6-15公里,5,6,5,5,4,5,5,5,5,3,5,6,5,5,7,7,5,6,6,6,6,5,5,5,6,5,5,6,4,2,4,4,5,5,7,6,6,3,4,彎把(公路車),中置馬達,4,4,5,3,4,暫無,充電時間再縮短,希望政府有更多推廣與補助措施
2026/01/07 03:35:38,1.男,2.31-40歲,3.僅體驗過,"1.日常休閒, 4.假日旅遊",1.每週1次(含)以下,1.平路為主,1.5公里以下,5,5,6,6,6,2,7,4,5,3,4,6,5,7,4,5,6,5,7,3,6,6,4,5,7,5,5,5,5,5,4,6,5,4,7,4,5,3,6,皆可,輪轂馬達(前/後輪),5,3,3,4,2,電池續航力不足,煞車與燈光安全配備再加強,建議推出不同身高對應車架尺寸
2026/01/25 13:19:08,2.女,2.31-40歲,2.曾使用過,"1.日常休閒, 3.通勤代步",3.每週4次(含)以上,1.平路為主,3.16-30公里,6,4,5,6,4,6,4,6,7,5,6,5,4,6,5,6,7,6,4,5,6,4,6,4,5,5,4,6,6,4,5,4,6,5,5,5,4,4,4,平把(登山車),中置馬達,5,3,3,4,4,無,續航力再提升,希望後續維修保養流程更簡單
2026/02/06 19:04:18,1.男,1.30歲以下,2.曾使用過,1.日常休閒,2.每週2-3次,2.上下坡為主,3.16-30公里,6,7,5,7,5,6,5,6,5,5,6,7,6,6,7,7,6,7,6,7,4,4,6,5,6,6,6,4,6,5,4,5,7,5,5,4,6,5,6,平把(登山車),中置馬達,5,4,3,4,3,目前沒有,變速與助力切換更平順,希望展示剩餘里程更準確
2026/02/13 04:41:14,1.男,2.31-40歲,2.曾使用過,2.運動健身,1.每週1次(含)以下,1.平路為主,2.6-15公里,6,4,5,7,5,4,5,4,5,7,5,7,6,7,4,4,5,4,7,6,5,4,4,5,6,4,7,6,5,6,6,6,6,6,4,5,7,5,6,皆可,不確定/不了解,5,3,5,4,5,暫無,變速與助力切換更平順,可增加試乘體驗與租借服務
2026/02/20 21:01:28,2.女,2.31-40歲,2.曾使用過,"2.運動健身, 4.假日旅遊",1.每週1次(含)以下,1.平路為主,2.6-15公里,5,5,5,4,5,5,6,5,5,6,7,6,5,6,4,7,6,6,5,4,7,5,6,4,5,7,4,5,3,4,4,5,4,6,6,4,6,7,5,平把(登山車),中置馬達,5,4,4,3,4,目前沒有,價格更親民一些,無
2026/01/14 10:11:23,2.女,3.41-50歲,3.僅體驗過,"2.運動健身, 3.通勤代步, 4.假日旅遊",1.每週1次(含)以下,1.平路為主,4.31公里以上,5,4,5,5,6,4,4,6,6,6,6,5,5,6,5,5,7,5,7,6,6,5,5,4,3,5,4,6,7,6,4,4,5,7,5,4,6,5,4,平把(登山車),輪轂馬達(前/後輪),4,4,3,5,3,暫無,充電時間再縮短,建議加強防盜與定位功能
2026/02/19 00:28:28,2.女,2.31-40歲,2.曾使用過,"2.運動健身, 4.假日旅遊",2.每週2-3次,1.平路為主,2.6-15公里,5,6,5,5,6,6,6,5,5,5,3,5,6,6,7,7,4,6,7,5,6,6,5,7,6,4,6,3,5,6,4,7,4,6,5,5,6,5,5,平把(登山車),中置馬達,3,4,3,5,3,暫無,降低車重，推行更方便,希望展示剩餘里程更準確
2026/02/14 19:03:49,1.男,3.41-50歲,1.目前使用中,2.運動健身,1.每週1次(含)以下,1.平路為主,2.6-15公里,6,5,6,7,6,5,6,6,4,6,5,6,3,6,4,5,6,5,5,4,3,6,5,5,5,7,7,5,3,4,6,9,5,4,7,6,4,5,6,皆可,輪轂馬達(前/後輪),4,2,4,4,4,無,價格更親民一些,可增加試乘體驗與租借服務
2026/01/05 05:34:22,1.男,4.51-60歲,1.目前使用中,5.其他：社區短程移動,1.每週1次(含)以下,1.平路為主,1.5公里以下,5,3,6,6,7,5,5,7,7,5,4,7,4,6,5,5,7,6,7,5,7,6,6,6,7,6,6,7,7,5,5,5,5,5,6,7,5,5,7,平把(登山車),中置馬達,4,4,4,4,5,無,煞車與燈光安全配備再加強,可增加試乘體驗與租借服務
2026/01/14 01:17:24,1.男,4.51-60歲,4.未曾使用過,3.通勤代步,1.每週1次(含)以下,1.平路為主,4.31公里以上,5,6,3,4,4,5,4,5,6,6,3,5,6,4,5,5,5,6,6,5,6,4,5,5,5,4,5,5,5,4,5,5,4,5,5,5,5,4,3,皆可,中置馬達,,,,,,還在觀望價格與實際效益,想先了解續航與安全性,希望保固內容更透明
2026/02/10 08:45:43,1.男,4.51-60歲,2.曾使用過,4.假日旅遊,2.每週2-3次,3混合路況,3.16-30公里,5,5,6,5,7,5,7,5,6,7,4,6,6,6,4,5,7,5,4,5,4,7,6,5,6,6,7,5,6,5,4,5,7,5,6,5,5,6,5,平把(登山車),中置馬達,4,5,5,5,5,暫無,續航力再提升,若能提供更多配件選配會更好
2026/01/24 13:59:04,1.男,3.41-50歲,1.目前使用中,1.日常休閒,2.每週2-3次,3混合路況,3.16-30公里,4,6,5,5,4,6,6,6,6,7,5,6,5,6,6,7,5,5,7,6,4,6,5,4,6,7,6,6,5,4,7,5,5,5,5,5,4,7,5,皆可,不確定/不了解,4,4,5,6,3,無,續航力再提升,希望展示剩餘里程更準確
2026/01/04 20:52:26,1.男,2.31-40歲,2.曾使用過,2.運動健身,1.每週1次(含)以下,3混合路況,2.6-15公里,6,5,7,5,4,6,7,6,7,7,6,4,4,5,6,4,6,7,4,6,7,6,7,6,4,5,5,4,7,2,7,5,4,4,6,6,5,5,6,皆可,皆可,3,3,4,7,3,無,煞車與燈光安全配備再加強,希望後續維修保養流程更簡單
2026/02/08 07:56:00,1.男,1.30歲以下,2.曾使用過,3.通勤代步,2.每週2-3次,2.上下坡為主,3.16-30公里,5,6,7,6,3,5,7,4,7,4,5,5,7,7,5,4,7,5,5,4,5,5,5,5,5,7,5,6,7,5,6,4,6,4,6,5,4,4,5,彎把(公路車),不確定/不了解,3,4,5,3,5,目前沒有,電池可拆卸設計更便利,若能提供更多配件選配會更好
2026/01/29 09:14:31,1.男,3.41-50歲,3.僅體驗過,3.通勤代步,2.每週2-3次,1.平路為主,1.5公里以下,7,7,5,4,4,6,6,7,5,5,4,5,5,5,4,6,6,5,6,6,5,5,7,5,4,5,7,4,4,5,5,4,6,5,6,5,4,4,5,彎把(公路車),中置馬達,3,3,4,4,7,無,變速與助力切換更平順,希望展示剩餘里程更準確
2026/01/04 06:37:01,1.男,2.31-40歲,1.目前使用中,1.日常休閒,1.每週1次(含)以下,2.上下坡為主,1.5公里以下,6,6,6,7,5,6,6,5,6,4,6,5,7,5,4,5,6,5,7,6,6,6,7,5,6,5,7,6,6,4,6,6,5,3,5,6,6,5,5,平把(登山車),皆可,4,3,4,5,4,暫無,續航力再提升,希望展示剩餘里程更準確
2026/01/18 05:01:17,2.女,4.51-60歲,1.目前使用中,3.通勤代步,1.每週1次(含)以下,1.平路為主,2.6-15公里,5,7,6,5,4,5,6,5,5,5,5,5,6,6,7,7,6,6,4,7,6,5,7,5,6,5,6,4,5,7,4,3,5,7,5,5,6,6,6,平把(登山車),輪轂馬達(前/後輪),5,4,4,5,4,無,價格更親民一些,希望後續維修保養流程更簡單
2026/01/02 00:08:28,1.男,4.51-60歲,2.曾使用過,4.假日旅遊,1.每週1次(含)以下,3混合路況,4.31公里以上,7,7,4,5,6,4,4,6,5,4,6,6,6,5,5,7,6,6,7,5,6,7,5,5,4,4,6,6,4,5,4,4,4,4,6,4,5,3,6,平把(登山車),輪轂馬達(前/後輪),3,5,4,4,4,目前沒有,售後維修據點更普及,建議推出不同身高對應車架尺寸
2026/02/05 23:08:43,1.男,3.41-50歲,2.曾使用過,2.運動健身,2.每週2-3次,2.上下坡為主,3.16-30公里,6,5,4,5,6,4,4,6,7,6,5,7,6,7,4,5,5,5,5,4,6,7,6,6,6,5,3,3,6,5,5,7,6,5,5,5,5,6,5,皆可,中置馬達,5,4,4,5,3,目前沒有,外觀設計更年輕化,建議加強防盜與定位功能
2026/01/26 10:53:25,2.女,4.51-60歲,2.曾使用過,2.運動健身,3.每週4次(含)以上,1.平路為主,3.16-30公里,6,5,5,6,6,7,6,7,4,6,5,5,6,7,7,6,6,4,6,6,6,6,5,6,5,4,5,6,5,5,3,5,4,4,5,5,5,5,4,平把(登山車),不確定/不了解,5,4,4,5,4,目前沒有,降低車重，推行更方便,希望政府有更多推廣與補助措施
2026/01/30 01:12:08,1.男,3.41-50歲,2.曾使用過,3.通勤代步,1.每週1次(含)以下,1.平路為主,2.6-15公里,4,6,5,4,5,5,4,6,5,5,5,5,5,7,5,5,5,4,6,7,7,4,5,6,5,5,5,5,6,5,5,5,6,5,5,4,5,5,5,平把(登山車),輪轂馬達(前/後輪),3,3,5,4,3,目前沒有,變速與助力切換更平順,若能提供更多配件選配會更好
2026/02/01 23:16:57,2.女,1.30歲以下,2.曾使用過,2.運動健身,1.每週1次(含)以下,3混合路況,3.16-30公里,5,7,5,7,5,5,7,7,6,5,7,3,6,5,5,6,5,5,6,4,6,5,3,6,7,6,4,5,4,4,4,5,5,6,5,5,5,4,5,平把(登山車),皆可,4,3,3,5,4,目前沒有,續航力再提升,希望展示剩餘里程更準確
2026/02/09 15:49:08,1.男,2.31-40歲,1.目前使用中,"2.運動健身, 4.假日旅遊",1.每週1次(含)以下,3混合路況,3.16-30公里,7,6,5,7,5,6,7,5,5,4,6,5,6,6,5,5,6,5,7,4,3,5,6,7,5,4,6,7,6,6,3,6,6,6,7,6,3,7,5,平把(登山車),皆可,4,4,4,4,5,暫無,續航力再提升,無
2026/01/03 05:31:34,1.男,4.51-60歲,2.曾使用過,4.假日旅遊,1.每週1次(含)以下,3混合路況,1.5公里以下,5,6,4,7,5,4,6,7,7,5,5,5,5,4,7,5,4,7,4,6,5,6,6,5,4,5,7,7,6,5,5,7,5,5,7,3,7,5,3,皆可,輪轂馬達(前/後輪),5,4,3,3,4,無,外觀設計更年輕化,希望保固內容更透明
2026/02/02 23:40:07,2.女,3.41-50歲,3.僅體驗過,2.運動健身,3.每週4次(含)以上,2.上下坡為主,3.16-30公里,6,6,5,4,3,5,4,7,5,6,7,6,6,4,5,5,4,5,5,5,7,4,6,6,7,4,4,4,6,5,4,6,4,4,6,6,4,5,6,平把(登山車),皆可,4,3,3,3,4,暫無,外觀設計更年輕化,希望展示剩餘里程更準確
2026/02/06 13:21:35,1.男,3.41-50歲,3.僅體驗過,1.日常休閒,1.每週1次(含)以下,3混合路況,2.6-15公里,4,5,4,5,5,6,7,5,6,5,4,3,5,4,7,6,6,6,7,5,6,4,5,7,4,6,5,7,6,6,5,4,5,6,3,5,5,5,4,不確定/不了解,輪轂馬達(前/後輪),3,4,4,3,4,目前沒有,價格更親民一些,希望後續維修保養流程更簡單
2026/01/27 16:10:08,1.男,3.41-50歲,1.目前使用中,1.日常休閒,1.每週1次(含)以下,3混合路況,1.5公里以下,5,7,4,5,6,6,5,7,4,6,6,6,7,6,6,5,7,7,4,7,5,5,5,4,4,4,6,7,6,3,5,4,7,6,6,5,3,7,6,平把(登山車),皆可,5,5,4,5,4,無,煞車與燈光安全配備再加強,若能提供更多配件選配會更好
2026/01/19 02:31:03,1.男,3.41-50歲,2.曾使用過,"2.運動健身, 3.通勤代步, 5.其他：接送家人",1.每週1次(含)以下,1.平路為主,4.31公里以上,7,6,5,5,6,5,4,6,5,5,5,6,5,5,7,5,7,6,4,4,5,5,7,3,7,5,6,5,6,6,4,4,5,5,4,6,5,6,5,皆可,中置馬達,5,4,4,3,3,無,售後維修據點更普及,希望保固內容更透明
2026/01/11 22:18:34,1.男,4.51-60歲,3.僅體驗過,2.運動健身,1.每週1次(含)以下,3混合路況,4.31公里以上,7,5,6,7,4,5,5,7,5,6,5,5,5,6,6,6,6,5,7,5,5,5,5,7,5,4,7,5,4,5,4,5,4,5,4,7,5,6,5,不確定/不了解,輪轂馬達(前/後輪),4,2,3,2,3,無,坐墊舒適度與避震表現提升,希望後續維修保養流程更簡單
2026/01/22 10:10:01,1.男,3.41-50歲,2.曾使用過,1.日常休閒,2.每週2-3次,1.平路為主,2.6-15公里,6,4,6,6,4,4,4,6,6,5,5,5,5,6,4,5,7,6,6,5,7,7,7,4,5,6,5,4,4,5,5,6,4,5,5,5,5,5,4,平把(登山車),中置馬達,3,4,4,4,5,無,變速與助力切換更平順,希望後續維修保養流程更簡單
2026/01/29 15:26:39,1.男,4.51-60歲,2.曾使用過,1.日常休閒,1.每週1次(含)以下,3混合路況,4.31公里以上,5,7,5,5,5,6,4,7,6,7,6,6,4,6,5,7,6,5,6,6,7,5,5,4,4,6,5,4,4,6,7,6,5,6,5,6,6,5,5,皆可,中置馬達,5,4,3,5,4,目前沒有,電池可拆卸設計更便利,建議推出不同身高對應車架尺寸
2026/02/19 14:13:37,2.女,4.51-60歲,2.曾使用過,2.運動健身,2.每週2-3次,2.上下坡為主,2.6-15公里,4,5,6,6,6,6,4,5,5,7,5,7,6,5,7,7,6,7,7,6,6,6,3,6,6,6,5,5,6,4,5,5,5,3,4,7,7,3,4,平把(登山車),中置馬達,5,4,4,5,3,暫無,變速與助力切換更平順,可增加試乘體驗與租借服務
2026/01/23 14:15:45,1.男,4.51-60歲,3.僅體驗過,"1.日常休閒, 3.通勤代步",2.每週2-3次,3混合路況,1.5公里以下,5,7,6,3,5,5,6,5,6,6,3,6,5,7,6,6,7,6,4,6,6,6,5,6,6,5,4,4,5,4,7,7,6,6,4,5,3,5,6,平把(登山車),中置馬達,4,3,4,3,4,目前沒有,變速與助力切換更平順,希望展示剩餘里程更準確
2026/02/04 03:43:35,1.男,3.41-50歲,1.目前使用中,4.假日旅遊,1.每週1次(含)以下,1.平路為主,1.5公里以下,5,5,4,6,5,4,4,3,5,5,4,5,6,5,6,6,5,5,5,6,5,6,5,4,4,5,4,6,4,3,6,7,7,5,4,3,3,5,5,皆可,中置馬達,3,3,3,4,7,無,價格更親民一些,希望展示剩餘里程更準確
2026/02/16 10:47:03,1.男,4.51-60歲,3.僅體驗過,2.運動健身,4.幾乎每天,2.上下坡為主,1.5公里以下,3,7,5,6,5,5,4,6,6,4,6,6,5,6,6,6,5,6,7,7,5,7,4,5,6,5,4,7,6,7,3,5,4,5,5,6,5,5,5,平把(登山車),中置馬達,4,5,3,3,4,目前沒有,售後維修據點更普及,希望展示剩餘里程更準確
2026/01/27 13:40:06,2.女,1.30歲以下,3.僅體驗過,"1.日常休閒, 4.假日旅遊",1.每週1次(含)以下,3混合路況,2.6-15公里,5,6,4,6,4,5,6,4,5,4,6,5,5,6,7,6,5,6,4,6,4,4,5,5,5,5,4,6,5,5,4,3,5,5,6,4,4,6,4,平把(登山車),皆可,4,6,5,4,4,無,價格更親民一些,無
2026/01/17 20:22:40,2.女,2.31-40歲,3.僅體驗過,4.假日旅遊,4.幾乎每天,3混合路況,2.6-15公里,5,6,5,5,4,4,4,5,7,6,4,7,5,6,5,6,6,5,5,2,6,5,6,4,5,4,5,7,6,4,4,3,4,5,4,4,4,5,5,皆可,中置馬達,5,3,4,4,3,無,坐墊舒適度與避震表現提升,希望保固內容更透明
2026/01/26 16:00:12,1.男,4.51-60歲,3.僅體驗過,"2.運動健身, 3.通勤代步",4.幾乎每天,1.平路為主,2.6-15公里,5,5,4,5,4,5,6,4,6,5,6,5,6,6,3,5,6,5,6,6,3,6,5,3,4,5,4,3,5,5,5,4,5,5,6,6,6,6,5,彎把(公路車),中置馬達,3,3,4,4,3,無,充電時間再縮短,建議推出不同身高對應車架尺寸
2026/02/02 04:08:38,1.男,4.51-60歲,1.目前使用中,"1.日常休閒, 3.通勤代步",1.每週1次(含)以下,3混合路況,2.6-15公里,6,5,7,6,6,6,5,6,7,5,6,6,7,7,7,6,5,4,6,4,6,5,5,6,5,6,6,5,5,6,6,4,5,5,6,6,6,4,5,平把(登山車),皆可,3,4,5,4,2,電池續航力不足,充電時間再縮短,希望展示剩餘里程更準確
2026/01/29 06:10:34,1.男,3.41-50歲,2.曾使用過,"3.通勤代步, 4.假日旅遊",1.每週1次(含)以下,3混合路況,3.16-30公里,5,6,5,6,5,6,6,6,5,5,4,7,7,5,4,5,4,7,6,4,4,5,6,4,6,5,5,4,5,6,4,4,3,5,5,5,6,6,7,彎把(公路車),不確定/不了解,5,5,4,5,5,目前沒有,售後維修據點更普及,希望後續維修保養流程更簡單
2026/01/14 01:52:09,2.女,4.51-60歲,2.曾使用過,2.運動健身,2.每週2-3次,1.平路為主,2.6-15公里,5,7,5,5,7,4,6,5,6,5,5,6,5,7,7,6,6,6,6,5,6,6,5,6,5,6,6,5,5,5,6,5,6,6,7,4,5,4,6,皆可,不確定/不了解,3,5,5,5,3,無,充電時間再縮短,建議推出不同身高對應車架尺寸
2026/02/08 16:25:31,1.男,3.41-50歲,3.僅體驗過,"1.日常休閒, 2.運動健身, 3.通勤代步, 4.假日旅遊",2.每週2-3次,3混合路況,2.6-15公里,6,4,5,5,3,4,4,6,5,5,5,7,5,3,7,4,5,6,6,5,4,6,6,2,6,3,4,4,4,6,6,3,4,6,4,5,5,4,5,皆可,皆可,3,2,3,3,4,目前沒有,續航力再提升,可增加試乘體驗與租借服務
2026/02/24 20:27:16,1.男,2.31-40歲,1.目前使用中,3.通勤代步,4.幾乎每天,1.平路為主,1.5公里以下,5,5,5,6,5,3,5,5,5,7,5,7,6,5,4,4,7,6,7,6,5,5,6,5,6,5,4,5,5,4,3,5,6,7,5,5,5,5,6,彎把(公路車),中置馬達,3,3,4,4,4,無,變速與助力切換更平順,希望展示剩餘里程更準確
2026/01/05 03:55:53,2.女,1.30歲以下,2.曾使用過,4.假日旅遊,3.每週4次(含)以上,3混合路況,1.5公里以下,4,5,6,7,7,6,5,5,6,4,6,6,4,4,7,6,6,4,5,5,5,4,5,4,4,6,5,4,4,3,5,4,6,6,7,5,5,3,5,平把(登山車),皆可,5,3,4,3,5,暫無,外觀設計更年輕化,希望政府有更多推廣與補助措施
2026/01/06 02:12:29,1.男,4.51-60歲,1.目前使用中,3.通勤代步,2.每週2-3次,1.平路為主,2.6-15公里,6,4,6,6,5,7,6,5,6,4,6,5,6,6,7,7,5,7,6,7,7,5,6,5,5,6,5,4,6,6,6,6,5,5,5,5,5,5,6,皆可,輪轂馬達(前/後輪),3,3,4,5,4,無,變速與助力切換更平順,希望政府有更多推廣與補助措施
2026/01/18 08:18:53,1.男,3.41-50歲,1.目前使用中,3.通勤代步,1.每週1次(含)以下,1.平路為主,4.31公里以上,5,4,6,5,6,7,5,6,4,7,6,4,4,5,4,6,5,6,6,4,6,6,7,6,7,5,5,6,5,6,5,6,7,5,7,5,5,4,5,平把(登山車),皆可,4,5,4,3,4,無,價格更親民一些,無
2026/01/19 05:03:48,2.女,4.51-60歲,1.目前使用中,2.運動健身,2.每週2-3次,1.平路為主,2.6-15公里,6,7,6,7,5,5,6,6,5,4,5,6,4,7,7,6,7,5,6,5,5,5,5,6,6,5,5,4,5,5,5,5,5,6,7,7,5,4,5,平把(登山車),皆可,5,4,3,3,4,無,外觀設計更年輕化,希望政府有更多推廣與補助措施
2026/02/09 20:32:34,1.男,5.61歲以上,2.曾使用過,4.假日旅遊,1.每週1次(含)以下,3混合路況,1.5公里以下,7,6,7,7,7,6,7,5,7,7,6,4,6,6,7,6,7,5,4,5,5,7,6,4,6,7,6,6,4,7,6,7,5,7,7,4,4,6,5,不確定/不了解,皆可,3,5,4,2,4,暫無,充電時間再縮短,希望後續維修保養流程更簡單
2026/02/06 16:21:57,1.男,4.51-60歲,2.曾使用過,"1.日常休閒, 3.通勤代步, 4.假日旅遊",1.每週1次(含)以下,3混合路況,1.5公里以下,5,5,7,7,6,5,6,6,6,3,7,6,5,6,6,6,5,7,6,5,5,6,5,6,6,6,5,5,7,6,4,5,6,6,6,5,5,6,5,皆可,皆可,5,5,5,4,4,無,外觀設計更年輕化,希望展示剩餘里程更準確
2026/01/25 00:31:40,1.男,3.41-50歲,3.僅體驗過,4.假日旅遊,1.每週1次(含)以下,1.平路為主,2.6-15公里,5,5,5,7,7,6,6,5,6,5,4,7,6,6,5,5,5,7,5,4,5,5,5,4,6,5,4,4,4,6,4,4,3,4,3,6,5,3,5,皆可,輪轂馬達(前/後輪),3,5,4,3,0,無,坐墊舒適度與避震表現提升,希望後續維修保養流程更簡單
2026/02/10 16:19:13,1.男,5.61歲以上,2.曾使用過,4.假日旅遊,1.每週1次(含)以下,3混合路況,3.16-30公里,5,6,5,5,5,6,7,7,6,6,5,5,4,6,6,5,6,6,4,7,6,6,4,6,5,5,4,4,6,5,4,6,7,5,4,6,5,5,4,平把(登山車),中置馬達,4,5,5,4,5,無,售後維修據點更普及,可增加試乘體驗與租借服務
2026/01/16 18:25:04,2.女,4.51-60歲,2.曾使用過,"2.運動健身, 4.假日旅遊",1.每週1次(含)以下,1.平路為主,3.16-30公里,7,5,4,5,7,6,7,5,4,5,5,6,6,6,6,5,5,6,5,5,6,6,5,3,3,5,5,5,4,4,5,5,7,7,4,5,5,5,5,不確定/不了解,中置馬達,3,5,4,4,4,無,外觀設計更年輕化,可增加試乘體驗與租借服務
2026/01/08 06:13:06,1.男,2.31-40歲,4.未曾使用過,1.日常休閒,1.每週1次(含)以下,1.平路為主,3.16-30公里,3,3,3,6,4,5,4,6,7,7,5,4,6,6,6,4,6,4,4,4,5,6,5,6,5,5,3,4,4,5,3,5,5,5,4,6,5,6,4,平把(登山車),皆可,,,,,,尚未實際使用，暫時無法判斷,價格與售後服務資訊更清楚,建議加強防盜與定位功能
2026/02/18 01:43:28,2.女,2.31-40歲,2.曾使用過,2.運動健身,1.每週1次(含)以下,3混合路況,3.16-30公里,6,5,4,6,5,4,6,5,5,6,4,6,6,7,6,5,5,7,5,4,4,6,3,5,4,4,6,5,6,6,3,5,6,4,5,7,6,5,3,皆可,皆可,5,4,5,3,4,無,變速與助力切換更平順,希望保固內容更透明
2026/02/12 21:37:15,2.女,1.30歲以下,1.目前使用中,2.運動健身,3.每週4次(含)以上,3混合路況,2.6-15公里,5,6,4,6,6,4,7,5,7,6,5,6,5,7,5,7,6,5,5,5,6,7,4,5,5,4,5,5,5,6,4,6,7,3,4,7,6,6,5,平把(登山車),中置馬達,4,5,5,5,4,無,煞車與燈光安全配備再加強,可增加試乘體驗與租借服務
2026/01/04 05:21:02,1.男,2.31-40歲,2.曾使用過,2.運動健身,1.每週1次(含)以下,3混合路況,2.6-15公里,4,4,6,5,5,6,6,4,4,6,7,5,7,5,6,5,4,5,6,6,5,3,5,5,6,5,4,5,5,5,5,5,6,5,4,4,6,4,5,皆可,中置馬達,5,4,4,5,3,無,續航力再提升,希望保固內容更透明
2026/01/06 03:45:20,1.男,3.41-50歲,4.未曾使用過,"2.運動健身, 4.假日旅遊",1.每週1次(含)以下,1.平路為主,4.31公里以上,5,6,4,6,5,3,5,4,5,2,5,5,5,6,6,4,5,4,4,6,3,4,6,4,5,5,5,5,5,5,6,5,6,5,4,6,5,6,6,不確定/不了解,皆可,,,,,,目前沒有購買需求,價格與售後服務資訊更清楚,希望保固內容更透明
2026/01/17 16:58:24,1.男,2.31-40歲,2.曾使用過,3.通勤代步,1.每週1次(含)以下,3混合路況,2.6-15公里,4,6,5,4,6,4,4,6,4,6,4,5,5,6,5,6,5,4,3,7,4,6,7,7,5,6,6,5,5,5,5,7,6,3,3,5,5,5,6,不確定/不了解,輪轂馬達(前/後輪),5,3,4,4,4,暫無,降低車重，推行更方便,可增加試乘體驗與租借服務
2026/02/10 15:24:31,2.女,4.51-60歲,4.未曾使用過,1.日常休閒,1.每週1次(含)以下,3混合路況,3.16-30公里,5,5,4,7,5,6,6,4,4,6,6,4,5,6,7,7,4,5,6,7,3,5,5,6,5,5,5,7,5,4,2,7,6,4,3,5,4,6,4,平把(登山車),皆可,,,,,,目前沒有購買需求,價格與售後服務資訊更清楚,無
2026/02/06 22:53:10,1.男,4.51-60歲,2.曾使用過,4.假日旅遊,4.幾乎每天,3混合路況,2.6-15公里,6,5,6,4,4,7,7,6,5,7,4,6,6,5,7,6,6,4,5,3,5,5,6,4,4,4,5,4,3,5,3,3,6,6,4,5,6,7,7,皆可,輪轂馬達(前/後輪),4,4,4,4,3,暫無,售後維修據點更普及,可增加試乘體驗與租借服務
2026/02/09 21:05:27,2.女,4.51-60歲,2.曾使用過,5.其他：河濱自行車道騎乘,4.幾乎每天,3混合路況,3.16-30公里,5,2,6,5,6,6,6,6,5,5,6,6,5,6,6,4,6,6,5,6,5,5,4,5,6,5,7,6,6,4,4,6,5,5,5,4,6,7,6,平把(登山車),輪轂馬達(前/後輪),4,4,4,5,5,目前沒有,續航力再提升,可增加試乘體驗與租借服務
2026/01/25 02:38:56,1.男,5.61歲以上,2.曾使用過,1.日常休閒,1.每週1次(含)以下,3混合路況,2.6-15公里,7,5,6,5,7,7,7,6,6,5,5,5,6,4,7,7,7,7,5,6,6,5,7,5,4,7,6,4,3,5,5,5,6,6,6,5,6,6,5,皆可,皆可,5,4,5,5,4,暫無,降低車重，推行更方便,可增加試乘體驗與租借服務
2026/01/12 01:31:53,2.女,4.51-60歲,2.曾使用過,1.日常休閒,1.每週1次(含)以下,1.平路為主,2.6-15公里,5,7,5,7,4,4,5,6,6,6,4,5,5,5,4,4,6,4,7,5,5,6,4,6,4,6,5,3,4,6,5,6,5,5,5,6,7,5,7,平把(登山車),皆可,4,3,5,3,4,暫無,外觀設計更年輕化,建議加強防盜與定位功能
2026/01/29 20:02:52,1.男,5.61歲以上,2.曾使用過,"1.日常休閒, 2.運動健身",1.每週1次(含)以下,1.平路為主,2.6-15公里,6,6,7,6,5,5,6,4,6,3,6,4,6,5,5,5,5,6,6,7,6,5,6,4,7,7,4,5,4,5,4,5,7,4,5,5,5,6,5,不確定/不了解,中置馬達,3,4,3,5,3,暫無,電池可拆卸設計更便利,建議加強防盜與定位功能
2026/02/10 08:07:44,1.男,3.41-50歲,1.目前使用中,2.運動健身,1.每週1次(含)以下,1.平路為主,2.6-15公里,5,5,6,6,5,3,6,5,5,5,6,7,5,6,5,5,6,6,5,5,6,5,6,5,4,7,7,6,5,7,5,6,4,5,5,4,6,4,6,平把(登山車),中置馬達,4,3,4,4,3,目前沒有,外觀設計更年輕化,若能提供更多配件選配會更好
2026/01/02 21:33:42,2.女,4.51-60歲,2.曾使用過,2.運動健身,1.每週1次(含)以下,3混合路況,3.16-30公里,4,6,6,5,6,7,4,4,7,6,5,4,6,6,5,6,6,7,4,6,5,5,5,7,6,5,5,5,6,6,6,7,6,6,5,6,5,5,7,不確定/不了解,皆可,5,3,4,4,4,目前沒有,變速與助力切換更平順,若能提供更多配件選配會更好
2026/01/10 22:53:11,1.男,4.51-60歲,2.曾使用過,1.日常休閒,2.每週2-3次,1.平路為主,1.5公里以下,5,5,6,3,4,4,7,6,5,5,5,6,6,4,5,4,5,5,7,7,5,7,4,5,5,5,4,6,6,5,5,5,6,7,4,6,5,3,5,不確定/不了解,皆可,5,4,4,4,2,價格偏高,電池可拆卸設計更便利,若能提供更多配件選配會更好
2026/01/29 09:49:11,1.男,3.41-50歲,4.未曾使用過,"1.日常休閒, 2.運動健身",1.每週1次(含)以下,1.平路為主,3.16-30公里,4,4,4,7,4,5,5,6,4,6,7,5,5,6,4,5,5,5,6,4,3,5,6,5,5,4,4,4,5,4,3,5,5,5,4,5,4,4,7,皆可,中置馬達,,,,,,目前沒有購買需求,無,希望保固內容更透明
2026/02/20 21:14:30,2.女,4.51-60歲,3.僅體驗過,1.日常休閒,1.每週1次(含)以下,1.平路為主,1.5公里以下,3,5,5,4,3,6,7,5,6,6,4,4,6,7,5,5,4,5,6,5,6,6,5,3,7,6,5,4,5,4,5,5,6,6,4,5,6,4,4,皆可,不確定/不了解,4,4,4,2,6,目前沒有,坐墊舒適度與避震表現提升,可增加試乘體驗與租借服務
2026/01/16 23:07:39,1.男,2.31-40歲,2.曾使用過,1.日常休閒,1.每週1次(含)以下,3混合路況,1.5公里以下,5,5,7,5,6,3,6,4,6,6,7,6,3,3,5,4,6,6,5,5,5,4,6,5,2,5,6,4,5,5,6,4,5,7,7,3,6,5,7,皆可,皆可,5,4,5,4,5,暫無,煞車與燈光安全配備再加強,希望保固內容更透明
2026/01/15 02:21:21,1.男,4.51-60歲,2.曾使用過,2.運動健身,1.每週1次(含)以下,3混合路況,4.31公里以上,3,6,6,7,6,4,5,6,6,5,5,4,4,5,5,6,6,5,7,5,5,4,5,7,6,7,4,5,6,3,4,5,5,6,5,5,5,5,5,皆可,不確定/不了解,3,5,5,4,4,暫無,價格更親民一些,希望展示剩餘里程更準確
2026/02/23 13:04:11,1.男,2.31-40歲,3.僅體驗過,"2.運動健身, 3.通勤代步",2.每週2-3次,3混合路況,2.6-15公里,4,4,4,3,4,4,5,5,7,7,7,6,7,7,3,5,6,6,5,5,7,6,6,6,6,5,5,2,4,3,5,5,4,3,3,4,3,5,4,彎把(公路車),中置馬達,3,5,4,3,3,無,外觀設計更年輕化,希望後續維修保養流程更簡單
2026/01/29 12:32:35,2.女,1.30歲以下,1.目前使用中,4.假日旅遊,1.每週1次(含)以下,3混合路況,2.6-15公里,6,4,6,6,6,6,7,5,6,4,5,6,6,6,7,5,5,6,5,5,6,5,6,7,5,7,5,5,6,7,6,5,7,5,6,6,5,3,7,平把(登山車),中置馬達,3,4,4,4,4,目前沒有,外觀設計更年輕化,希望保固內容更透明
2026/02/23 18:57:18,2.女,5.61歲以上,3.僅體驗過,1.日常休閒,2.每週2-3次,3混合路況,4.31公里以上,5,5,5,4,6,5,6,6,6,4,5,6,7,5,5,7,6,7,5,5,6,6,6,6,5,3,4,6,5,5,5,5,5,6,5,5,6,4,6,不確定/不了解,皆可,5,3,4,4,3,暫無,價格更親民一些,希望保固內容更透明
2026/02/16 00:57:06,2.女,3.41-50歲,3.僅體驗過,1.日常休閒,4.幾乎每天,1.平路為主,2.6-15公里,6,5,7,5,5,6,5,6,5,5,5,6,5,7,5,2,6,7,6,5,4,5,7,4,5,5,5,7,6,4,4,7,4,6,3,3,6,4,3,平把(登山車),輪轂馬達(前/後輪),3,3,2,4,3,仍偏好一般自行車,煞車與燈光安全配備再加強,希望後續維修保養流程更簡單
2026/01/28 19:33:16,2.女,4.51-60歲,4.未曾使用過,"1.日常休閒, 2.運動健身, 3.通勤代步, 5.其他：接送家人",1.每週1次(含)以下,1.平路為主,2.6-15公里,4,5,5,4,5,6,5,4,5,5,4,6,5,5,5,6,5,6,5,5,4,3,6,6,6,4,4,3,5,4,4,5,6,6,6,4,4,4,6,皆可,中置馬達,,,,,,尚未實際使用，暫時無法判斷,想先了解續航與安全性,希望展示剩餘里程更準確
2026/02/16 23:37:24,2.女,2.31-40歲,1.目前使用中,"2.運動健身, 3.通勤代步",2.每週2-3次,3混合路況,2.6-15公里,6,5,5,5,7,4,5,4,6,5,5,5,5,6,5,7,5,4,6,4,6,5,4,5,6,6,7,6,5,5,5,5,6,5,5,6,5,4,5,不確定/不了解,中置馬達,5,6,4,5,4,暫無,價格更親民一些,建議加強防盜與定位功能
2026/01/18 13:00:16,1.男,3.41-50歲,2.曾使用過,1.日常休閒,2.每週2-3次,3混合路況,4.31公里以上,6,4,4,5,5,4,5,6,6,6,5,5,3,7,5,5,5,6,6,5,6,5,5,6,6,5,3,6,4,4,4,4,6,6,4,5,5,5,3,"平把(登山車), 皆可",皆可,5,2,3,5,4,目前沒有,煞車與燈光安全配備再加強,無
2026/02/12 13:52:32,1.男,4.51-60歲,2.曾使用過,1.日常休閒,1.每週1次(含)以下,1.平路為主,3.16-30公里,4,5,5,5,5,5,5,4,6,7,5,6,5,6,6,6,7,5,6,5,5,5,7,6,6,7,3,7,5,5,5,6,5,7,6,4,6,4,6,不確定/不了解,皆可,5,4,5,4,3,無,續航力再提升,希望展示剩餘里程更準確
2026/02/06 03:40:14,"1.男, 2.女",4.51-60歲,2.曾使用過,2.運動健身,1.每週1次(含)以下,1.平路為主,2.6-15公里,4,5,4,3,6,6,6,6,7,6,6,7,4,5,6,6,5,6,5,5,5,7,7,5,7,5,5,4,5,7,4,5,5,6,7,7,6,7,6,彎把(公路車),中置馬達,5,4,4,4,3,無,煞車與燈光安全配備再加強,希望展示剩餘里程更準確
2026/01/23 05:00:29,1.男,4.51-60歲,2.曾使用過,4.假日旅遊,1.每週1次(含)以下,2.上下坡為主,1.5公里以下,5,6,7,4,6,6,6,6,5,4,4,6,6,6,7,6,6,5,5,5,5,4,4,5,7,5,6,5,5,5,5,4,6,6,5,6,7,5,5,不確定/不了解,輪轂馬達(前/後輪),4,5,5,4,5,暫無,變速與助力切換更平順,希望展示剩餘里程更準確
2026/02/13 13:55:31,1.男,3.41-50歲,2.曾使用過,"1.日常休閒, 3.通勤代步",1.每週1次(含)以下,1.平路為主,2.6-15公里,5,6,6,3,4,6,6,7,4,5,4,6,5,3,4,5,6,6,7,4,5,4,4,5,6,7,5,5,5,4,4,5,2,6,5,4,4,5,5,不確定/不了解,不確定/不了解,5,4,3,4,4,無,續航力再提升,無
2026/02/10 08:32:04,1.男,2.31-40歲,2.曾使用過,1.日常休閒,1.每週1次(含)以下,2.上下坡為主,1.5公里以下,6,5,4,4,4,5,5,4,4,5,7,5,5,5,6,6,4,6,5,4,5,6,6,6,6,6,6,5,6,4,4,4,6,5,6,5,4,3,7,平把(登山車),不確定/不了解,4,4,5,3,4,暫無,變速與助力切換更平順,希望政府有更多推廣與補助措施
2026/01/09 05:05:35,1.男,2.31-40歲,1.目前使用中,1.日常休閒,2.每週2-3次,3混合路況,3.16-30公里,5,4,5,7,6,6,6,7,7,5,6,6,6,6,6,5,5,6,6,7,4,6,6,4,7,5,6,4,7,7,6,4,7,6,6,4,6,5,6,平把(登山車),中置馬達,4,3,5,5,5,目前沒有,煞車與燈光安全配備再加強,希望政府有更多推廣與補助措施
2026/02/23 14:45:11,1.男,4.51-60歲,4.未曾使用過,1.日常休閒,1.每週1次(含)以下,1.平路為主,3.16-30公里,5,5,5,4,5,5,3,5,4,4,7,5,5,5,6,4,5,5,4,5,6,5,6,4,5,4,4,6,5,6,5,4,5,5,6,5,5,5,5,平把(登山車),輪轂馬達(前/後輪),,,,,,尚未實際使用，暫時無法判斷,無,若能提供更多配件選配會更好
2026/02/09 18:34:48,2.女,4.51-60歲,2.曾使用過,"1.日常休閒, 4.假日旅遊",1.每週1次(含)以下,2.上下坡為主,1.5公里以下,5,5,6,7,5,5,6,5,5,6,5,6,5,7,5,6,6,5,5,5,5,4,6,4,6,4,6,4,6,6,7,6,5,4,6,5,5,5,5,平把(登山車),輪轂馬達(前/後輪),4,4,5,4,3,暫無,充電時間再縮短,無
2026/02/11 13:29:20,2.女,3.41-50歲,2.曾使用過,"3.通勤代步, 4.假日旅遊",1.每週1次(含)以下,"1.平路為主, 3混合路況",2.6-15公里,5,4,5,5,7,5,6,6,6,4,6,4,4,7,7,6,6,5,5,6,5,6,5,5,5,5,5,3,5,6,6,5,5,5,4,5,5,4,5,平把(登山車),不確定/不了解,5,3,3,3,3,無,坐墊舒適度與避震表現提升,希望保固內容更透明
2026/01/11 05:28:29,1.男,2.31-40歲,4.未曾使用過,"2.運動健身, 3.通勤代步",2.每週2-3次,1.平路為主,1.5公里以下,3,6,5,5,5,5,4,5,5,4,7,4,6,4,5,5,6,5,6,5,4,5,5,5,5,5,4,3,6,5,6,3,3,6,3,5,6,6,5,皆可,中置馬達,,,,,,還在觀望價格與實際效益,無,希望展示剩餘里程更準確
2026/01/23 19:02:01,1.男,5.61歲以上,3.僅體驗過,"1.日常休閒, 2.運動健身",1.每週1次(含)以下,1.平路為主,3.16-30公里,3,5,5,6,4,5,3,4,5,6,6,6,5,7,5,5,6,5,6,5,3,5,5,5,6,6,6,5,5,6,6,6,4,4,4,5,6,5,4,皆可,輪轂馬達(前/後輪),3,4,3,5,5,無,煞車與燈光安全配備再加強,希望展示剩餘里程更準確
2026/01/28 16:10:41,1.男,3.41-50歲,3.僅體驗過,1.日常休閒,4.幾乎每天,1.平路為主,3.16-30公里,5,6,5,4,5,7,5,4,4,5,5,5,5,7,5,4,4,4,5,5,5,6,6,6,3,4,5,7,4,5,6,3,6,3,5,6,5,6,5,不確定/不了解,皆可,4,4,4,3,4,無,價格更親民一些,希望後續維修保養流程更簡單
2026/02/14 13:23:20,2.女,2.31-40歲,2.曾使用過,"2.運動健身, 3.通勤代步",1.每週1次(含)以下,1.平路為主,3.16-30公里,5,5,7,4,7,6,4,3,5,6,3,6,5,6,4,5,6,6,6,4,5,6,5,3,5,6,3,5,7,4,5,4,6,5,6,6,6,4,5,平把(登山車),不確定/不了解,4,3,5,4,5,目前沒有,充電時間再縮短,希望保固內容更透明
2026/01/21 21:58:12,2.女,"2.31-40歲, 3.41-50歲",2.曾使用過,1.日常休閒,1.每週1次(含)以下,3混合路況,2.6-15公里,6,4,6,4,4,6,6,5,6,5,5,7,6,6,6,6,4,5,6,5,7,6,5,5,5,5,5,5,5,4,5,4,4,6,4,5,7,6,7,平把(登山車),中置馬達,3,5,4,5,3,無,續航力再提升,可增加試乘體驗與租借服務
2026/01/09 20:23:48,1.男,5.61歲以上,4.未曾使用過,2.運動健身,1.每週1次(含)以下,1.平路為主,2.6-15公里,5,5,6,4,6,5,6,6,6,6,4,5,5,6,5,4,4,5,6,7,5,7,4,5,4,3,3,4,6,5,4,4,5,6,5,3,4,6,7,平把(登山車),中置馬達,,,,,,目前沒有購買需求,想先了解續航與安全性,可增加試乘體驗與租借服務
2026/01/15 07:12:30,1.男,3.41-50歲,2.曾使用過,4.假日旅遊,1.每週1次(含)以下,1.平路為主,3.16-30公里,4,5,5,5,7,4,3,5,6,4,6,7,6,6,5,6,7,6,5,5,7,6,7,6,4,7,5,6,4,5,6,4,7,5,5,5,5,6,5,皆可,中置馬達,5,5,4,3,3,暫無,售後維修據點更普及,希望保固內容更透明
2026/02/20 10:21:43,2.女,4.51-60歲,4.未曾使用過,3.通勤代步,1.每週1次(含)以下,1.平路為主,2.6-15公里,3,6,5,7,6,4,4,4,4,6,5,5,5,4,6,6,6,4,7,5,5,5,5,7,4,5,6,3,4,3,6,6,6,5,5,6,4,6,4,彎把(公路車),輪轂馬達(前/後輪),,,,,,還在觀望價格與實際效益,無,希望後續維修保養流程更簡單
2026/02/22 14:46:58,1.男,3.41-50歲,3.僅體驗過,3.通勤代步,2.每週2-3次,3混合路況,4.31公里以上,4,6,6,4,5,4,4,3,4,4,5,6,6,4,5,6,6,6,5,4,5,5,4,5,5,6,5,4,6,6,5,5,5,4,5,5,4,5,5,皆可,中置馬達,4,2,3,3,4,目前沒有,售後維修據點更普及,建議推出不同身高對應車架尺寸
2026/02/02 23:05:46,2.女,4.51-60歲,3.僅體驗過,4.假日旅遊,1.每週1次(含)以下,1.平路為主,4.31公里以上,6,3,5,5,5,6,4,6,5,5,6,5,7,5,6,7,6,5,7,6,6,5,5,5,4,7,6,6,7,5,5,6,5,5,5,7,5,4,7,平把(登山車),中置馬達,3,4,5,4,3,目前沒有,充電時間再縮短,希望後續維修保養流程更簡單
2026/01/28 19:02:43,2.女,4.51-60歲,2.曾使用過,"1.日常休閒, 2.運動健身",2.每週2-3次,2.上下坡為主,4.31公里以上,7,6,7,5,4,5,6,7,5,6,7,5,7,5,6,5,7,4,6,6,5,6,4,6,6,4,6,4,6,5,5,5,5,6,5,3,5,4,6,平把(登山車),皆可,4,4,4,4,3,無,坐墊舒適度與避震表現提升,希望保固內容更透明
2026/02/11 08:29:35,2.女,3.41-50歲,2.曾使用過,1.日常休閒,1.每週1次(含)以下,1.平路為主,4.31公里以上,4,6,7,4,5,3,6,7,6,4,5,3,4,5,7,6,5,5,5,7,5,5,5,5,5,5,5,3,5,5,7,4,5,6,6,5,4,4,3,彎把(公路車),皆可,4,3,4,4,3,無,變速與助力切換更平順,建議加強防盜與定位功能
2026/02/07 15:31:17,2.女,3.41-50歲,2.曾使用過,1.日常休閒,1.每週1次(含)以下,3混合路況,1.5公里以下,5,7,5,7,5,5,6,5,6,5,7,4,4,3,7,5,7,6,6,6,5,7,6,5,5,5,6,4,5,5,4,5,5,4,6,5,5,3,5,平把(登山車),中置馬達,3,4,4,4,4,暫無,降低車重，推行更方便,若能提供更多配件選配會更好
2026/02/22 18:17:24,1.男,2.31-40歲,4.未曾使用過,4.假日旅遊,1.每週1次(含)以下,1.平路為主,1.5公里以下,4,4,5,5,4,5,3,5,6,5,7,5,7,5,5,5,5,4,5,4,5,4,5,6,5,4,5,4,4,5,6,5,5,7,6,3,4,5,6,皆可,中置馬達,,,,,,還在觀望價格與實際效益,價格與售後服務資訊更清楚,建議加強防盜與定位功能
2026/01/20 14:02:37,1.男,3.41-50歲,3.僅體驗過,2.運動健身,1.每週1次(含)以下,1.平路為主,2.6-15公里,5,5,6,4,3,5,7,5,5,6,4,4,7,5,6,5,5,4,5,5,5,4,5,4,5,6,7,5,4,5,4,4,5,4,5,5,4,6,5,皆可,中置馬達,4,3,3,4,4,暫無,充電時間再縮短,希望政府有更多推廣與補助措施
2026/02/15 11:04:36,1.男,3.41-50歲,2.曾使用過,3.通勤代步,2.每週2-3次,3混合路況,1.5公里以下,6,4,6,6,4,6,6,5,4,7,7,4,3,4,6,4,6,3,7,4,4,6,6,6,5,5,6,5,5,5,5,6,5,3,6,5,5,4,5,平把(登山車),中置馬達,3,4,4,3,2,對長期耐用度仍有疑慮,煞車與燈光安全配備再加強,建議推出不同身高對應車架尺寸
2026/02/21 05:42:24,1.男,4.51-60歲,4.未曾使用過,"2.運動健身, 3.通勤代步",1.每週1次(含)以下,3混合路況,2.6-15公里,3,3,6,4,5,5,5,4,4,5,5,4,6,7,5,5,6,6,5,5,4,4,5,5,5,4,4,5,5,5,5,5,5,4,6,5,4,7,5,皆可,皆可,,,,,,目前沒有購買需求,價格與售後服務資訊更清楚,希望展示剩餘里程更準確
2026/01/29 05:05:20,2.女,3.41-50歲,2.曾使用過,4.假日旅遊,1.每週1次(含)以下,1.平路為主,2.6-15公里,5,5,4,5,3,5,6,4,7,5,6,6,3,6,7,4,4,4,4,6,5,7,5,5,5,5,5,4,6,5,4,6,4,4,5,5,6,5,4,平把(登山車),中置馬達,5,4,5,5,3,暫無,坐墊舒適度與避震表現提升,建議推出不同身高對應車架尺寸
2026/01/20 15:20:17,"1.男, 2.女",3.41-50歲,4.未曾使用過,1.日常休閒,1.每週1次(含)以下,3混合路況,3.16-30公里,5,3,5,3,5,5,4,6,6,4,6,2,6,6,7,6,4,7,6,5,4,6,4,5,4,5,5,3,6,4,4,3,2,4,4,5,4,6,5,皆可,中置馬達,,,,,,尚未實際使用，暫時無法判斷,想先了解續航與安全性,希望保固內容更透明
2026/02/07 08:07:06,2.女,2.31-40歲,2.曾使用過,2.運動健身,3.每週4次(含)以上,3混合路況,4.31公里以上,5,5,5,5,4,3,5,3,4,5,4,6,4,4,5,5,6,4,6,6,6,4,5,5,6,7,6,3,4,3,4,5,4,6,5,4,7,4,4,皆可,中置馬達,4,5,4,3,4,目前沒有,價格更親民一些,希望政府有更多推廣與補助措施
2026/02/07 04:03:02,1.男,4.51-60歲,4.未曾使用過,"1.日常休閒, 4.假日旅遊",3.每週4次(含)以上,3混合路況,1.5公里以下,6,6,4,6,7,6,6,5,7,5,4,6,7,5,6,4,6,6,4,6,6,4,5,5,5,5,4,4,5,2,4,5,4,5,5,5,6,4,4,平把(登山車),不確定/不了解,,,,,,目前沒有購買需求,想先了解續航與安全性,希望展示剩餘里程更準確
2026/02/01 13:46:12,2.女,3.41-50歲,2.曾使用過,1.日常休閒,1.每週1次(含)以下,1.平路為主,2.6-15公里,5,5,5,6,7,5,6,6,5,6,7,6,5,7,7,5,5,4,7,6,5,5,4,5,6,5,4,5,4,2,6,4,6,7,5,4,4,5,6,皆可,中置馬達,4,5,3,4,3,目前沒有,充電時間再縮短,希望保固內容更透明
2026/01/24 10:52:19,1.男,3.41-50歲,3.僅體驗過,3.通勤代步,1.每週1次(含)以下,2.上下坡為主,4.31公里以上,5,6,5,4,6,5,4,5,6,5,6,5,6,6,5,5,3,5,5,6,5,5,5,3,4,3,6,4,5,6,4,3,5,3,5,4,4,3,4,彎把(公路車),中置馬達,4,3,4,3,4,目前沒有,充電時間再縮短,希望保固內容更透明
2026/02/11 05:49:12,2.女,3.41-50歲,4.未曾使用過,"2.運動健身, 3.通勤代步",1.每週1次(含)以下,1.平路為主,1.5公里以下,3,4,5,5,5,5,6,5,6,6,4,5,7,4,4,6,6,6,3,4,4,3,3,5,5,6,4,6,5,3,4,4,5,5,6,5,5,4,6,皆可,中置馬達,,,,,,目前沒有購買需求,想先了解續航與安全性,無
2026/02/20 22:46:58,1.男,1.30歲以下,2.曾使用過,1.日常休閒,1.每週1次(含)以下,1.平路為主,3.16-30公里,4,5,4,5,5,5,4,3,6,5,6,6,4,5,4,6,7,6,7,5,6,4,4,5,6,4,2,5,4,4,5,6,4,5,6,5,6,3,5,平把(登山車),中置馬達,5,3,4,5,3,無,煞車與燈光安全配備再加強,無
2026/02/19 05:58:14,1.男,4.51-60歲,3.僅體驗過,3.通勤代步,3.每週4次(含)以上,1.平路為主,1.5公里以下,4,6,5,4,4,6,5,7,2,6,4,7,7,5,7,5,6,7,4,6,7,4,4,5,4,6,4,5,7,6,5,5,6,5,4,6,4,4,7,不確定/不了解,中置馬達,3,5,3,4,5,無,續航力再提升,若能提供更多配件選配會更好
2026/01/09 10:09:00,2.女,1.30歲以下,4.未曾使用過,"1.日常休閒, 2.運動健身",1.每週1次(含)以下,1.平路為主,1.5公里以下,6,5,4,5,5,6,6,6,6,5,5,5,6,5,7,6,4,5,7,5,5,3,4,4,5,6,5,5,3,4,5,4,5,6,5,4,7,5,5,彎把(公路車),中置馬達,,,,,,尚未實際使用，暫時無法判斷,無,希望保固內容更透明
2026/01/30 19:23:38,1.男,5.61歲以上,2.曾使用過,3.通勤代步,2.每週2-3次,3混合路況,1.5公里以下,5,5,5,7,6,6,5,6,5,5,4,6,6,6,6,6,7,6,5,5,6,5,6,5,4,7,6,3,6,5,6,5,3,6,3,6,6,6,5,彎把(公路車),輪轂馬達(前/後輪),4,5,3,4,4,暫無,售後維修據點更普及,可增加試乘體驗與租借服務
2026/02/10 01:24:00,1.男,3.41-50歲,2.曾使用過,4.假日旅遊,1.每週1次(含)以下,3混合路況,1.5公里以下,5,4,4,6,6,6,5,6,6,4,6,6,7,5,5,7,6,5,6,6,6,7,3,6,4,6,4,5,4,4,5,4,5,5,4,7,4,4,6,彎把(公路車),輪轂馬達(前/後輪),5,3,4,2,4,無,坐墊舒適度與避震表現提升,希望保固內容更透明
2026/01/07 09:48:46,2.女,3.41-50歲,3.僅體驗過,4.假日旅遊,2.每週2-3次,2.上下坡為主,3.16-30公里,4,5,5,4,3,5,5,4,4,5,7,7,5,6,5,5,5,4,3,5,4,7,4,6,7,7,5,4,5,6,5,3,3,5,6,4,4,3,5,不確定/不了解,輪轂馬達(前/後輪),2,5,5,5,3,暫無,坐墊舒適度與避震表現提升,無
2026/02/18 01:22:10,2.女,5.61歲以上,1.目前使用中,3.通勤代步,1.每週1次(含)以下,3混合路況,2.6-15公里,4,7,4,5,6,6,7,6,5,6,7,5,5,5,7,7,6,6,6,7,4,5,5,5,2,6,7,7,6,7,7,5,5,3,6,5,5,5,7,皆可,輪轂馬達(前/後輪),5,3,4,4,4,目前沒有,價格更親民一些,無
2026/02/01 16:34:26,2.女,3.41-50歲,1.目前使用中,2.運動健身,2.每週2-3次,3混合路況,4.31公里以上,6,5,7,5,7,7,6,6,4,5,5,6,6,4,6,6,6,6,4,5,6,6,5,6,5,6,5,5,6,5,5,6,6,5,6,6,6,4,4,平把(登山車),皆可,3,5,5,5,3,暫無,煞車與燈光安全配備再加強,建議加強防盜與定位功能
2026/02/02 04:50:02,1.男,5.61歲以上,3.僅體驗過,5.其他：接送家人,1.每週1次(含)以下,3混合路況,4.31公里以上,4,7,6,4,6,6,5,6,6,5,6,5,5,5,7,6,6,5,6,6,6,5,4,6,5,4,5,5,5,6,6,5,5,6,5,3,4,5,6,平把(登山車),輪轂馬達(前/後輪),4,5,5,4,2,電池續航力不足,外觀設計更年輕化,建議加強防盜與定位功能
2026/02/15 20:10:53,2.女,3.41-50歲,2.曾使用過,"2.運動健身, 3.通勤代步",2.每週2-3次,1.平路為主,2.6-15公里,5,5,4,6,4,7,6,5,6,4,4,5,5,4,5,6,3,6,7,5,5,7,5,4,4,6,3,4,4,3,4,5,6,3,4,5,6,4,3,不確定/不了解,中置馬達,,,,,,無,價格更親民一些,可增加試乘體驗與租借服務
2026/01/10 23:00:19,2.女,2.31-40歲,4.未曾使用過,"1.日常休閒, 4.假日旅遊",1.每週1次(含)以下,3混合路況,1.5公里以下,3,5,5,7,4,4,4,5,2,5,6,6,6,7,4,5,5,4,4,5,5,5,6,4,5,4,4,5,5,3,3,5,4,7,4,6,4,7,6,皆可,中置馬達,,,,,,尚未實際使用，暫時無法判斷,想先了解續航與安全性,希望保固內容更透明
2026/02/09 11:15:54,1.男,2.31-40歲,3.僅體驗過,"2.運動健身, 4.假日旅遊",2.每週2-3次,3混合路況,3.16-30公里,5,5,6,5,5,5,5,4,4,6,5,6,5,6,4,4,5,5,6,4,3,5,6,5,5,4,5,4,3,5,4,4,5,5,3,4,6,5,4,皆可,不確定/不了解,4,3,3,4,4,無,價格更親民一些,建議推出不同身高對應車架尺寸
2026/01/09 11:00:18,2.女,2.31-40歲,3.僅體驗過,"2.運動健身, 4.假日旅遊",2.每週2-3次,1.平路為主,1.5公里以下,7,5,5,6,5,5,6,7,5,4,7,4,6,5,4,6,5,6,4,6,6,6,5,3,5,6,4,5,4,6,4,4,5,4,5,3,7,3,5,彎把(公路車),皆可,4,4,4,4,3,目前沒有,充電時間再縮短,建議推出不同身高對應車架尺寸
2026/01/09 14:47:25,1.男,4.51-60歲,2.曾使用過,"1.日常休閒, 2.運動健身, 3.通勤代步",2.每週2-3次,3混合路況,1.5公里以下,6,7,5,6,3,6,7,6,5,6,5,5,6,6,4,7,7,5,4,7,7,5,6,4,7,7,6,4,6,4,3,6,5,5,5,5,5,4,5,彎把(公路車),皆可,5,4,5,5,3,暫無,變速與助力切換更平順,希望保固內容更透明
2026/01/20 06:17:03,2.女,3.41-50歲,1.目前使用中,5.其他：河濱自行車道騎乘,2.每週2-3次,2.上下坡為主,1.5公里以下,5,5,5,4,5,6,4,5,5,6,5,7,6,5,7,7,6,6,4,5,4,7,7,5,5,6,4,5,6,5,5,5,5,7,5,4,6,7,4,皆可,中置馬達,5,3,5,4,3,目前沒有,電池可拆卸設計更便利,無
2026/01/23 01:28:29,1.男,2.31-40歲,4.未曾使用過,1.日常休閒,1.每週1次(含)以下,2.上下坡為主,1.5公里以下,6,5,5,5,4,3,6,5,5,7,5,6,7,5,4,6,6,4,5,6,6,5,6,4,7,5,6,6,5,5,5,4,7,5,7,6,5,5,4,平把(登山車),中置馬達,3,5,5,4,3,無,續航力再提升,無
2026/02/02 02:21:42,1.男,4.51-60歲,3.僅體驗過,2.運動健身,1.每週1次(含)以下,3混合路況,3.16-30公里,5,6,3,7,5,6,6,6,6,6,5,4,7,7,5,4,5,5,6,3,6,4,5,4,3,4,3,5,5,4,4,6,4,6,6,5,6,3,6,不確定/不了解,皆可,3,4,5,3,3,暫無,價格更親民一些,希望後續維修保養流程更簡單
2026/02/22 04:45:48,2.女,2.31-40歲,3.僅體驗過,2.運動健身,1.每週1次(含)以下,2.上下坡為主,1.5公里以下,5,6,5,5,4,5,5,6,4,6,5,5,5,6,5,5,6,5,6,4,5,6,5,4,6,4,4,3,5,5,5,4,4,5,5,5,5,5,5,皆可,輪轂馬達(前/後輪),4,3,5,4,4,目前沒有,坐墊舒適度與避震表現提升,希望政府有更多推廣與補助措施
2026/01/06 06:44:00,1.男,3.41-50歲,4.未曾使用過,2.運動健身,1.每週1次(含)以下,3混合路況,3.16-30公里,3,5,3,6,4,3,4,5,6,7,6,6,6,4,5,5,5,4,3,6,5,6,7,4,4,4,4,5,5,5,4,6,6,4,5,7,4,5,5,彎把(公路車),皆可,,,,,,目前沒有購買需求,價格與售後服務資訊更清楚,若能提供更多配件選配會更好
2026/02/08 03:02:08,2.女,4.51-60歲,3.僅體驗過,2.運動健身,1.每週1次(含)以下,1.平路為主,1.5公里以下,5,6,4,6,5,4,6,6,5,3,4,5,4,4,5,6,6,5,6,6,6,5,7,6,5,4,6,5,6,4,5,6,5,6,5,7,5,6,5,皆可,輪轂馬達(前/後輪),5,4,4,4,4,無,售後維修據點更普及,無
2026/01/15 16:05:51,1.男,3.41-50歲,1.目前使用中,"1.日常休閒, 2.運動健身",2.每週2-3次,3混合路況,3.16-30公里,6,6,5,7,6,4,5,5,6,6,5,6,6,7,7,6,5,4,6,6,5,4,5,6,5,4,5,7,5,4,6,4,6,5,7,6,5,5,7,不確定/不了解,中置馬達,3,3,4,4,3,無,電池可拆卸設計更便利,希望政府有更多推廣與補助措施
2026/01/29 16:32:48,1.男,4.51-60歲,1.目前使用中,2.運動健身,3.每週4次(含)以上,3混合路況,2.6-15公里,5,6,6,7,7,6,6,5,4,7,7,6,5,5,6,7,6,7,5,6,7,4,6,7,6,7,5,6,4,5,5,6,7,5,6,6,6,5,7,平把(登山車),皆可,4,5,5,5,3,暫無,煞車與燈光安全配備再加強,建議加強防盜與定位功能
2026/02/17 11:56:00,1.男,4.51-60歲,2.曾使用過,3.通勤代步,1.每週1次(含)以下,3混合路況,3.16-30公里,6,5,6,6,4,5,6,7,7,6,4,6,7,7,5,7,6,5,5,4,6,6,5,7,6,4,6,5,6,6,6,7,5,5,4,5,6,6,5,平把(登山車),輪轂馬達(前/後輪),3,4,4,5,5,目前沒有,變速與助力切換更平順,希望政府有更多推廣與補助措施
2026/01/26 23:11:06,1.男,2.31-40歲,2.曾使用過,1.日常休閒,1.每週1次(含)以下,3混合路況,2.6-15公里,6,3,5,4,5,5,7,4,3,6,6,3,6,6,7,7,5,6,6,6,5,6,5,4,7,4,3,6,5,5,5,6,5,4,3,3,5,6,6,彎把(公路車),中置馬達,4,4,5,3,4,暫無,充電時間再縮短,希望政府有更多推廣與補助措施
2026/02/23 11:54:05,1.男,4.51-60歲,2.曾使用過,"3.通勤代步, 5.其他：社區短程移動",1.每週1次(含)以下,3混合路況,1.5公里以下,5,5,7,5,7,7,5,6,5,6,6,7,6,7,5,5,6,7,5,5,6,6,5,5,5,4,4,5,5,5,6,5,5,7,4,7,4,5,4,彎把(公路車),皆可,3,4,3,5,4,目前沒有,煞車與燈光安全配備再加強,希望政府有更多推廣與補助措施
2026/01/01 09:44:03,1.男,3.41-50歲,2.曾使用過,1.日常休閒,1.每週1次(含)以下,1.平路為主,2.6-15公里,7,6,6,4,4,5,6,5,4,6,6,6,7,4,6,5,6,7,5,6,5,5,3,5,4,6,6,5,5,5,5,6,6,5,5,7,5,6,4,平把(登山車),輪轂馬達(前/後輪),4,4,4,3,4,無,續航力再提升,建議加強防盜與定位功能
2026/02/22 09:00:31,1.男,4.51-60歲,2.曾使用過,4.假日旅遊,4.幾乎每天,3混合路況,2.6-15公里,6,4,6,5,6,6,5,7,5,5,5,5,7,7,7,5,7,6,7,5,4,6,5,6,5,5,5,3,5,7,7,4,6,6,6,4,5,4,7,不確定/不了解,中置馬達,4,3,5,4,3,暫無,售後維修據點更普及,希望保固內容更透明
2026/01/06 01:20:18,1.男,4.51-60歲,2.曾使用過,"1.日常休閒, 3.通勤代步, 4.假日旅遊",1.每週1次(含)以下,1.平路為主,2.6-15公里,5,7,6,4,7,3,6,5,5,7,3,5,6,5,5,6,6,5,4,6,6,3,6,3,7,6,6,6,6,4,4,4,5,4,5,6,4,7,6,平把(登山車),中置馬達,,,,,,目前沒有,坐墊舒適度與避震表現提升,希望後續維修保養流程更簡單
2026/02/03 10:16:24,1.男,2.31-40歲,3.僅體驗過,3.通勤代步,2.每週2-3次,3混合路況,2.6-15公里,5,5,5,5,4,6,5,7,6,4,5,5,5,6,4,5,5,5,4,6,4,6,5,6,5,3,5,5,7,3,6,6,5,5,5,4,5,5,5,皆可,中置馬達,4,4,4,3,3,目前沒有,變速與助力切換更平順,希望後續維修保養流程更簡單
2026/01/18 07:02:48,1.男,2.31-40歲,1.目前使用中,2.運動健身,2.每週2-3次,1.平路為主,3.16-30公里,4,5,6,7,6,7,5,7,7,5,5,6,6,6,5,5,7,7,7,7,5,4,5,5,5,5,6,5,6,6,4,5,4,5,6,6,5,5,7,不確定/不了解,不確定/不了解,5,4,3,4,4,無,變速與助力切換更平順,建議推出不同身高對應車架尺寸
2026/01/12 04:11:34,1.男,4.51-60歲,1.目前使用中,4.假日旅遊,2.每週2-3次,1.平路為主,1.5公里以下,5,5,5,6,5,6,7,5,7,7,5,5,6,5,5,5,6,6,5,5,6,6,5,5,3,5,5,5,5,5,5,6,4,6,5,6,6,4,6,平把(登山車),輪轂馬達(前/後輪),4,5,4,3,2,充電不夠方便,價格更親民一些,若能提供更多配件選配會更好
2026/01/03 08:39:22,1.男,5.61歲以上,1.目前使用中,2.運動健身,2.每週2-3次,1.平路為主,1.5公里以下,6,6,6,6,5,7,6,6,4,7,6,7,7,5,6,7,6,6,5,7,5,6,7,7,4,6,4,5,6,7,7,4,5,5,6,5,7,7,6,皆可,中置馬達,4,3,5,3,4,無,電池可拆卸設計更便利,建議推出不同身高對應車架尺寸
2026/01/30 11:54:04,2.女,3.41-50歲,1.目前使用中,4.假日旅遊,1.每週1次(含)以下,3混合路況,3.16-30公里,7,6,5,4,4,6,6,5,6,5,5,6,6,7,6,6,5,6,4,3,6,5,4,5,5,3,5,4,3,4,5,5,6,6,6,4,5,5,4,不確定/不了解,中置馬達,,,,,,無,售後維修據點更普及,希望展示剩餘里程更準確
2026/02/13 16:14:57,2.女,1.30歲以下,1.目前使用中,"1.日常休閒, 4.假日旅遊",1.每週1次(含)以下,1.平路為主,1.5公里以下,7,5,6,5,5,5,6,7,6,6,6,6,4,6,7,7,4,7,6,6,4,5,5,5,7,6,6,5,5,4,7,6,6,6,5,5,6,7,4,彎把(公路車),輪轂馬達(前/後輪),4,4,3,5,4,暫無,充電時間再縮短,若能提供更多配件選配會更好
2026/01/14 10:08:23,1.男,3.41-50歲,2.曾使用過,3.通勤代步,4.幾乎每天,3混合路況,1.5公里以下,6,6,5,4,4,5,5,5,5,5,6,5,4,5,6,5,6,5,6,6,5,5,6,5,4,5,5,4,4,5,3,5,5,5,4,6,5,3,6,平把(登山車),中置馬達,4,4,4,4,3,目前沒有,售後維修據點更普及,可增加試乘體驗與租借服務
2026/01/25 22:03:01,1.男,1.30歲以下,3.僅體驗過,"1.日常休閒, 2.運動健身",1.每週1次(含)以下,3混合路況,4.31公里以上,4,5,5,5,3,5,4,5,6,4,7,5,6,4,6,5,5,7,5,6,4,6,7,6,5,4,5,4,5,6,5,5,6,5,5,5,4,4,5,皆可,皆可,3,3,3,4,2,電池續航力不足,續航力再提升,建議推出不同身高對應車架尺寸
2026/02/21 05:50:33,2.女,2.31-40歲,1.目前使用中,"1.日常休閒, 2.運動健身, 3.通勤代步",2.每週2-3次,1.平路為主,1.5公里以下,5,5,7,5,6,5,4,6,6,6,4,5,5,7,7,6,6,5,7,6,7,6,5,5,6,6,6,4,5,7,5,5,7,5,6,4,5,5,4,不確定/不了解,輪轂馬達(前/後輪),4,3,4,5,3,無,降低車重，推行更方便,可增加試乘體驗與租借服務
2026/01/04 05:57:06,1.男,1.30歲以下,2.曾使用過,"1.日常休閒, 4.假日旅遊",1.每週1次(含)以下,1.平路為主,3.16-30公里,6,6,6,6,4,4,6,6,5,4,6,5,6,5,6,6,4,6,5,5,5,6,7,6,5,6,4,5,6,4,5,6,5,5,5,4,4,3,4,平把(登山車),中置馬達,4,4,4,4,4,暫無,降低車重，推行更方便,若能提供更多配件選配會更好
2026/01/22 15:40:41,1.男,3.41-50歲,1.目前使用中,2.運動健身,1.每週1次(含)以下,3混合路況,3.16-30公里,5,5,6,5,4,5,7,5,7,7,5,6,4,6,6,5,5,6,6,5,6,6,5,5,4,3,7,6,5,6,6,5,5,5,5,5,5,7,5,平把(登山車),輪轂馬達(前/後輪),4,3,4,3,5,無,外觀設計更年輕化,希望保固內容更透明
2026/01/30 12:15:37,2.女,5.61歲以上,2.曾使用過,3.通勤代步,1.每週1次(含)以下,1.平路為主,1.5公里以下,5,4,6,6,6,6,6,5,7,6,6,5,5,6,5,6,7,5,5,5,6,6,4,5,7,5,4,6,5,4,5,7,5,7,7,5,4,6,5,皆可,中置馬達,4,4,5,4,4,無,售後維修據點更普及,希望政府有更多推廣與補助措施
2026/02/12 16:31:16,1.男,3.41-50歲,1.目前使用中,1.日常休閒,1.每週1次(含)以下,1.平路為主,1.5公里以下,6,4,6,5,5,7,7,5,4,6,7,6,6,7,3,7,7,6,5,5,7,5,6,6,6,5,6,7,5,6,7,5,4,5,5,7,6,4,6,平把(登山車),皆可,5,5,3,4,3,目前沒有,降低車重，推行更方便,建議加強防盜與定位功能
2026/02/13 03:55:35,1.男,4.51-60歲,2.曾使用過,4.假日旅遊,1.每週1次(含)以下,3混合路況,3.16-30公里,6,7,5,6,7,6,6,4,4,6,6,6,4,5,5,4,6,6,6,5,6,6,6,3,6,6,5,5,3,7,4,6,6,6,4,5,4,5,2,皆可,中置馬達,,,,,,電池續航力不足,坐墊舒適度與避震表現提升,希望展示剩餘里程更準確
2026/02/06 13:10:21,1.男,4.51-60歲,1.目前使用中,"1.日常休閒, 2.運動健身",1.每週1次(含)以下,3混合路況,1.5公里以下,6,5,6,6,6,7,6,7,7,6,5,6,5,7,7,7,7,7,4,6,7,6,5,5,7,7,4,5,7,4,5,5,4,5,6,6,5,6,5,皆可,皆可,4,4,5,4,5,無,續航力再提升,希望政府有更多推廣與補助措施
2026/01/01 23:13:36,2.女,3.41-50歲,2.曾使用過,4.假日旅遊,1.每週1次(含)以下,1.平路為主,3.16-30公里,4,7,5,5,4,4,5,5,4,5,5,5,6,6,6,4,7,4,5,6,4,5,6,4,5,4,5,6,5,5,7,4,4,5,5,4,6,3,6,平把(登山車),中置馬達,4,4,5,4,4,無,售後維修據點更普及,可增加試乘體驗與租借服務
2026/02/05 10:59:17,2.女,4.51-60歲,3.僅體驗過,"1.日常休閒, 2.運動健身",1.每週1次(含)以下,2.上下坡為主,2.6-15公里,6,4,4,7,6,7,7,4,3,7,4,4,6,5,5,5,5,6,4,6,6,5,6,4,5,5,5,5,6,5,4,5,6,6,6,6,5,5,6,平把(登山車),輪轂馬達(前/後輪),5,3,4,3,4,暫無,降低車重，推行更方便,希望後續維修保養流程更簡單
2026/02/02 18:48:07,1.男,1.30歲以下,2.曾使用過,1.日常休閒,4.幾乎每天,3混合路況,2.6-15公里,7,7,5,5,5,4,4,6,4,5,5,4,4,4,6,6,5,5,6,5,5,7,7,3,6,5,6,5,6,7,7,5,4,5,5,3,5,7,3,平把(登山車),輪轂馬達(前/後輪),3,3,5,5,5,無,坐墊舒適度與避震表現提升,若能提供更多配件選配會更好
2026/02/10 09:35:21,1.男,1.30歲以下,1.目前使用中,4.假日旅遊,3.每週4次(含)以上,1.平路為主,4.31公里以上,4,7,5,5,6,5,6,5,6,5,7,6,5,6,5,6,6,6,6,6,5,5,6,5,6,5,5,6,6,3,5,7,6,4,6,6,5,4,4,皆可,皆可,4,3,5,4,3,無,售後維修據點更普及,建議推出不同身高對應車架尺寸
